blizzardId;monture;source;extension;patch;Difficulty;statutLocalisation;Mots clés;nombreCandidates;primaryLocationRef;cheminRetenu;candidateRefs;cheminsCandidates
6;Cheval bai;Vendeur;vanilla;1.11.1;Facile;Hurlevent;Cheval humain, monture réputation Hurlevent,  Katie Stokx;0;;;;
7;Loup gris;Vendeur;vanilla;Vanilla;Indisponible;Orgrimmar;Supprimée;Supprimée;Supprimée;Supprimée;Supprimée;Supprimée
8;Étalon blanc;Vendeur;vanilla;Vanilla;Indisponible;Hurlevent;Supprimée;Supprimée;Supprimée;Supprimée;Supprimée;Supprimée
9;Étalon noir;Vendeur;vanilla;1.11.1;Facile;Hurlevent;Cheval humain, monture réputation Hurlevent,  Katie Stokx;0;;;;
11;Pinto;Vendeur;vanilla;1.11.1;Facile;Hurlevent;Cheval humain, monture réputation Hurlevent,  Katie Stokx;0;;;;
12;Loup noir;Vendeur;vanilla;Vanilla;Indisponible;Orgrimmar;Supprimée;Supprimée;Supprimée;Supprimée;Supprimée;Supprimée
13;Loup roux;Vendeur;vanilla;Vanilla;Indisponible;Orgrimmar;Supprimée;Supprimée;Supprimée;Supprimée;Supprimée;Supprimée
14;Loup des bois;Vendeur;vanilla;1.11.1;Facile;Orgrimmar;Loup, monture réputation Orgrimmar,  Ogunaro Mèneloup;0;;;;
15;Loup blanc;Vendeur;vanilla;Vanilla;Indisponible;Orgrimmar;Supprimée;Supprimée;Supprimée;Supprimée;Supprimée;Supprimée
16;Drake balayé par le Vide;Métier;midnight;12.0.0;Facile;Tempête du vide > Perchoir des Maîtres;Pêche, Tempête du Vide, Vortex océanique, Drake du Néant, Œuf déformé par le Vide, Perchoir des Maîtres ;1;wowhead-zone:15958;Azeroth > Royaumes de l'Est > Quel'Thalas > Tempête du Vide > Perchoir des Maîtres;wowhead-zone:16648;Azeroth > Royaumes de l'Est > Quel'Thalas > Tempête du Vide > Perchoir des Maîtres
17;Palefroi corrompu;Classe;vanilla;1.11.1;Facile;Capitales;Cheval Démoniste, Maître de classe, quête;0;multizones (capitales vanilla);;;
18;Jument alezane;Vendeur;vanilla;1.11.1;Facile;Hurlevent;Cheval humain, monture réputation Hurlevent;0;;;;
19;Loup redoutable;Vendeur;vanilla;1.11.1;Facile;Orgrimmar;Loup orc, monture réputation Orgrimmar, Ogunaro Mène-loup;0;;;;
20;Loup brun;Vendeur;vanilla;1.11.1;Facile;Orgrimmar;Loup orc, monture réputation Orgrimmar, Ogunaro Mène-loup;0;;;;
21;Bélier gris;Vendeur;vanilla;1.11.1;Facile;Forgefer;Bélier nain, monture réputation Forgefer,Veron Distillambre;0;;;;
22;Bélier noir;Vendeur;vanilla;Vanilla;Indisponible;Forgefer;Supprimée;Supprimée;Supprimée;Supprimée;Supprimée;Supprimée
24;Bélier blanc;Vendeur;vanilla;1.11.1;Facile;Forgefer;Bélier nain, monture réputation Forgefer,Veron Distillambre;0;;;;
25;Bélier brun;Vendeur;vanilla;1.11.1;Facile;Forgefer;Bélier nain, monture réputation Forgefer,Veron Distillambre;0;;;;
26;Sabre-de-givre rayé;Vendeur;vanilla;1.11.1;Facile;Darnassus;Sabre elfe de la nuit, réputation, Lelanai;0;;;;
27;Raptor émeraude;Vendeur;vanilla;1.11.1;Facile;Durotar;Raptor émeraude, monture réputation, durotar, Zjolnir, Troll sombrelance;0;;;;
28;Cheval squelette;à définir;vanilla;Vanilla;Indisponible;Supprimée;Supprimée;Supprimée;Supprimée;Supprimée;Supprimée;Supprimée
31;Sabre-de-givre tacheté;Vendeur;vanilla;1.11.1;Facile;Darnassus;Sabre elfe de la nuit, réputation, Lelanai;0;;;;
32;Tigre;à définir;vanilla;Vanilla;Indisponible;Supprimée;Supprimée;Supprimée;Supprimée;Supprimée;Supprimée;Supprimée
34;Sabre-de-nuit rayé;Vendeur;vanilla;1.11.1;Facile;Darnassus;Sabre elfe de la nuit, réputation, Lelanai;0;;;;
35;Raptor ivoire;à définir;vanilla;Vanilla;Indisponible;Supprimée;Supprimée;Supprimée;Supprimée;Supprimée;Supprimée;Supprimée
36;Raptor turquoise;Vendeur;vanilla;1.11.1;Facile;Durotar;Raptor, monture réputation, durotar, Zjolnir, Troll sombrelance;0;;;;
38;Raptor violet;Vendeur;vanilla;1.11.1;Facile;Durotar;Raptor, monture réputation, durotar, Zjolnir, Troll sombrelance;0;;;;
39;Mécanotrotteur rouge;Vendeur;vanilla;1.11.1;Facile;Dun Morogh >Kharanos;Mécanotrotteur gnome, kharanos, gnomeragan, Milli Siffleplume;0;;;;
40;Mécanotrotteur bleu;Vendeur;vanilla;1.11.1;Facile;Dun Morogh >Kharanos;Mécanotrotteur gnome, kharanos, gnomeragan, Milli Siffleplume;0;;;;
41;Cheval de guerre;Classe;vanilla;1.11.1;Facile;Automatique, partout;Cheval paladin, humain;0;;;;
42;Mécanotrotteur blanc modèle B;Vendeur;vanilla;à définir;;no_candidate;;0;;;;
43;Mécanotrotteur vert;à définir;à définir;à définir;;no_candidate;;0;;;;
45;Sabre-de-nuit noir;à définir;à définir;à définir;;no_candidate;;0;;;;
46;Ancien sabre-de-givre;Vendeur;vanilla;à définir;;no_candidate;;0;;;;
50;Loup roux;Vendeur;vanilla;Vanilla;Indisponible;Supprimée;Supprimée;Supprimée;Supprimée;Supprimée;Supprimée;Supprimée
51;Loup arctique;Vendeur;vanilla;à définir;;no_candidate;;0;;;;
52;Palomino;Vendeur;vanilla;à définir;;no_candidate;;0;;;;
53;Étalon blanc;à définir;à définir;à définir;;no_candidate;;0;;;;
54;Raptor rouge tacheté;à définir;à définir;à définir;;no_candidate;;0;;;;
55;Sabre-de-givre de Berceau-de-l’Hiver;Quête;vanilla;à définir;;no_candidate;;0;;;;
56;Raptor ivoire;à définir;vanilla;Vanilla;Indisponible;Supprimée;Supprimée;Supprimée;Supprimée;Supprimée;Supprimée;Supprimée
57;Mécanotrotteur vert;à définir;à définir;à définir;;no_candidate;;0;;;;
58;Mécanotrotteur brut;Vendeur;vanilla;à définir;;no_candidate;;0;;;;
62;Mécanotrotteur bleu clair modèle A;Vendeur;vanilla;à définir;;no_candidate;;0;;;;
63;Bélier de givre;Vendeur;vanilla;à définir;;no_candidate;;0;;;;
64;Bélier noir;Vendeur;vanilla;Vanilla;Indisponible;Forgefer;Supprimée;Supprimée;Supprimée;Supprimée;Supprimée;Supprimée
65;Cheval squelette rouge;Vendeur;vanilla;à définir;;no_candidate;;0;;;;
66;Cheval squelette bleu;Vendeur;vanilla;à définir;;no_candidate;;0;;;;
67;Cheval squelette bai;Vendeur;vanilla;à définir;;no_candidate;;0;;;;
68;Cheval de guerre squelette vert;Vendeur;vanilla;à définir;;no_candidate;;0;;;;
69;Destrier de la mort de Vaillefendre;à définir;à définir;à définir;;no_candidate;;0;;;;
70;Kodo de monte;à définir;à définir;à définir;;no_candidate;;0;;;;
71;Kodo gris;Vendeur;vanilla;à définir;;no_candidate;;0;;;;
72;Kodo brun;Vendeur;vanilla;à définir;;no_candidate;;0;;;;
73;Kodo vert;Vendeur;vanilla;à définir;;no_candidate;;0;;;;
74;Kodo bleu;Vendeur;vanilla;à définir;;no_candidate;;0;;;;
75;Palefroi de guerre noir;Vendeur;tbc;à définir;;no_candidate;;0;;;;
76;Kodo de guerre noir;Vendeur;tbc;à définir;;no_candidate;;0;;;;
77;Trotteur de bataille noir;Vendeur;tbc;à définir;;no_candidate;;0;;;;
78;Bélier de guerre noir;Vendeur;tbc;à définir;;no_candidate;;0;;;;
79;Raptor de guerre noir;à définir;à définir;à définir;;no_candidate;;0;;;;
80;Cheval de guerre squelette rouge;Vendeur;tbc;à définir;;no_candidate;;0;;;;
81;Tigre de guerre noir;Vendeur;tbc;à définir;;no_candidate;;0;;;;
82;Loup de guerre noir;Vendeur;tbc;à définir;;no_candidate;;0;;;;
83;Destrier de l’effroi;Quête;vanilla;à définir;;no_candidate;;0;;;;
84;Destrier;Divers;vanilla;à définir;;no_candidate;;0;;;;
85;Sabre-de-brume rapide;Vendeur;vanilla;à définir;;no_candidate;;0;;;;
87;Sabre-de-givre rapide;Vendeur;vanilla;à définir;;no_candidate;;0;;;;
88;Mécanotrotteur jaune rapide;Vendeur;vanilla;à définir;;no_candidate;;0;;;;
89;Mécanotrotteur blanc rapide;Vendeur;vanilla;à définir;;no_candidate;;0;;;;
90;Mécanotrotteur vert rapide;Vendeur;vanilla;à définir;;no_candidate;;0;;;;
91;Palomino rapide;Vendeur;vanilla;à définir;;no_candidate;;0;;;;
92;Palefroi blanc rapide;Vendeur;vanilla;à définir;;no_candidate;;0;;;;
93;Palefroi bai rapide;Vendeur;vanilla;à définir;;no_candidate;;0;;;;
94;Bélier brun rapide;Vendeur;vanilla;à définir;;no_candidate;;0;;;;
95;Bélier gris rapide;Vendeur;vanilla;à définir;;no_candidate;;0;;;;
96;Bélier blanc rapide;Vendeur;vanilla;à définir;;no_candidate;;0;;;;
97;Raptor bleu rapide;Vendeur;vanilla;à définir;;no_candidate;;0;;;;
98;Raptor vert olive rapide;Vendeur;vanilla;à définir;;no_candidate;;0;;;;
99;Raptor orange rapide;Vendeur;vanilla;à définir;;no_candidate;;0;;;;
100;Cheval de guerre squelette violet;Vendeur;vanilla;à définir;;no_candidate;;0;;;;
101;Grand kodo blanc;Vendeur;vanilla;à définir;;no_candidate;;0;;;;
102;Grand kodo gris;Vendeur;vanilla;à définir;;no_candidate;;0;;;;
103;Grand kodo brun;Vendeur;vanilla;à définir;;no_candidate;;0;;;;
104;Loup brun rapide;Vendeur;vanilla;à définir;;no_candidate;;0;;;;
105;Loup des bois rapide;Vendeur;vanilla;à définir;;no_candidate;;0;;;;
106;Loup gris rapide;Vendeur;vanilla;à définir;;no_candidate;;0;;;;
107;Sabre-tempête rapide;Vendeur;vanilla;à définir;;no_candidate;;0;;;;
108;Hurleur loup-de-givre;Vendeur;vanilla;à définir;;no_candidate;;0;;;;
109;Destrier de bataille foudrepique;Vendeur;vanilla;à définir;;no_candidate;;0;;;;
110;Raptor razzashi rapide;Marché noir;vanilla;à définir;;no_candidate;;0;;;;
111;Tigre zulien rapide;Marché noir;vanilla;à définir;;no_candidate;;0;;;;
116;Char d’assaut qiraji noir;à définir;à définir;à définir;;no_candidate;;0;;;;
117;Char d’assaut qiraji bleu;à définir;à définir;à définir;;no_candidate;;0;;;;
118;Char d’assaut qiraji rouge;à définir;à définir;à définir;;no_candidate;;0;;;;
119;Char d’assaut qiraji jaune;à définir;à définir;à définir;;no_candidate;;0;;;;
120;Char d’assaut qiraji vert;à définir;à définir;à définir;;no_candidate;;0;;;;
121;Char d’assaut qiraji noir;à définir;à définir;à définir;;no_candidate;;0;;;;
122;Char d’assaut qiraji noir;à définir;à définir;à définir;;no_candidate;;0;;;;
123;Drake du Néant;à définir;à définir;à définir;;no_candidate;;0;;;;
125;Tortue de monte;Cartes à collectionner;tbc;à définir;;no_candidate;;0;;;;
129;Griffon doré;Vendeur;tbc;à définir;;no_candidate;;0;;;;
130;Griffon d’ébène;Vendeur;tbc;à définir;;no_candidate;;0;;;;
131;Griffon neigeux;Vendeur;tbc;à définir;;no_candidate;;0;;;;
132;Griffon bleu rapide;Vendeur;tbc;à définir;;no_candidate;;0;;;;
133;Coursier du vent fauve;Vendeur;tbc;à définir;;no_candidate;;0;;;;
134;Coursier du vent bleu;Vendeur;tbc;à définir;;no_candidate;;0;;;;
135;Coursier du vent vert;Vendeur;tbc;à définir;;no_candidate;;0;;;;
136;Coursier du vent rouge rapide;Vendeur;tbc;à définir;;no_candidate;;0;;;;
137;Griffon rouge rapide;Vendeur;tbc;à définir;;no_candidate;;0;;;;
138;Griffon vert rapide;Vendeur;tbc;à définir;;no_candidate;;0;;;;
139;Griffon violet rapide;Vendeur;tbc;à définir;;no_candidate;;0;;;;
140;Coursier du vent vert rapide;Vendeur;tbc;à définir;;no_candidate;;0;;;;
141;Coursier du vent jaune rapide;Vendeur;tbc;à définir;;no_candidate;;0;;;;
142;Coursier du vent violet rapide;Vendeur;tbc;à définir;;no_candidate;;0;;;;
145;Mécanotrotteur bleu;à définir;à définir;à définir;;no_candidate;;0;;;;
146;Faucon-pérégrin rose rapide;Vendeur;tbc;à définir;;no_candidate;;0;;;;
147;Elekk brun;Vendeur;tbc;à définir;;no_candidate;;0;;;;
149;Destrier thalassien;Divers;tbc;à définir;;no_candidate;;0;;;;
150;Cheval de guerre thalassien;Divers;tbc;à définir;;no_candidate;;0;;;;
151;Talbuk de guerre sombre;Vendeur;tbc;à définir;;no_candidate;;0;;;;
152;Faucon-pérégrin rouge;Vendeur;tbc;à définir;;no_candidate;;0;;;;
153;Talbuk de guerre cobalt;Réputation;tbc;à définir;;no_candidate;;0;;;;
154;Talbuk de guerre blanc;Réputation;tbc;à définir;;no_candidate;;0;;;;
155;Talbuk de guerre argenté;Réputation;tbc;à définir;;no_candidate;;0;;;;
156;Talbuk de guerre brun;Réputation;tbc;à définir;;no_candidate;;0;;;;
157;Faucon-pérégrin violet;Vendeur;tbc;à définir;;no_candidate;;0;;;;
158;Faucon-pérégrin bleu;Vendeur;tbc;à définir;;no_candidate;;0;;;;
159;Faucon-pérégrin noir;Vendeur;tbc;à définir;;no_candidate;;0;;;;
160;Faucon-pérégrin vert rapide;Vendeur;tbc;à définir;;no_candidate;;0;;;;
161;Faucon-pérégrin violet rapide;Vendeur;tbc;à définir;;no_candidate;;0;;;;
162;Faucon de guerre rapide;Vendeur;tbc;à définir;;no_candidate;;0;;;;
163;Elekk gris;Vendeur;tbc;à définir;;no_candidate;;0;;;;
164;Elekk violet;Vendeur;tbc;à définir;;no_candidate;;0;;;;
165;Grand elekk vert;Vendeur;tbc;à définir;;no_candidate;;0;;;;
166;Grand elekk bleu;Vendeur;tbc;à définir;;no_candidate;;0;;;;
167;Grand elekk violet;Vendeur;tbc;à définir;;no_candidate;;0;;;;
168;Cheval de guerre embrasé;Butin;tbc;à définir;;no_candidate;;0;;;;
169;Drake du Néant rapide;PvP coté;tbc;à définir;;no_candidate;;0;;;;
170;Talbuk de monte cobalt;Réputation;tbc;à définir;;no_candidate;;0;;;;
171;Talbuk de monte sombre;Vendeur;tbc;à définir;;no_candidate;;0;;;;
172;Talbuk de monte argenté;Réputation;tbc;à définir;;no_candidate;;0;;;;
173;Talbuk de monte brun;Réputation;tbc;à définir;;no_candidate;;0;;;;
174;Talbuk de monte blanc;Réputation;tbc;à définir;;no_candidate;;0;;;;
176;Raie du Néant verte;Réputation;tbc;à définir;;no_candidate;;0;;;;
177;Raie du Néant rouge;Réputation;tbc;à définir;;no_candidate;;0;;;;
178;Raie du Néant violette;Réputation;tbc;à définir;;no_candidate;;0;;;;
179;Raie du Néant argentée;Réputation;tbc;à définir;;no_candidate;;0;;;;
180;Raie du Néant bleue;Réputation;tbc;à définir;;no_candidate;;0;;;;
183;Cendres d’Al’ar;Butin;tbc;à définir;;no_candidate;;0;;;;
185;Seigneur corbeau;Butin;tbc;à définir;;no_candidate;;0;;;;
186;Drake de l’Aile-du-Néant onyx;Vendeur;tbc;à définir;;no_candidate;;0;;;;
187;Drake de l’Aile-du-Néant azur;à définir;à définir;à définir;;no_candidate;;0;;;;
188;Drake de l’Aile-du-Néant cobalt;Vendeur;tbc;à définir;;no_candidate;;0;;;;
189;Drake de l’Aile-du-Néant violet;Vendeur;tbc;à définir;;no_candidate;;0;;;;
190;Drake de l’Aile-du-Néant viride;Vendeur;tbc;à définir;;no_candidate;;0;;;;
191;Drake de l’Aile-du-Néant pourpre;Vendeur;tbc;à définir;;no_candidate;;0;;;;
196;Tigre spectral;Cartes à collectionner;wrath;à définir;;no_candidate;;0;;;;
197;Tigre spectral rapide;Cartes à collectionner;wrath;à définir;;no_candidate;;0;;;;
199;Ours de guerre amani;Butin;tbc;à définir;;no_candidate;;0;;;;
201;Bélier de la fête des Brasseurs;Fête des brasseurs;tbc;à définir;;no_candidate;;0;;;;
202;Bélier rapide de la fête des Brasseurs;Fête des brasseurs;tbc;à définir;;no_candidate;;0;;;;
203;Hippogriffe de guerre cénarien;Réputation;tbc;à définir;;no_candidate;;0;;;;
204;Machine volante à turbo-injection;Ingénierie;tbc;à définir;;no_candidate;;0;;;;
205;Machine volante;Ingénierie;tbc;à définir;;no_candidate;;0;;;;
206;Drake du Néant impitoyable;à définir;à définir;à définir;;no_candidate;;0;;;;
207;Drake du Néant impitoyable;à définir;à définir;à définir;;no_candidate;;0;;;;
211;Fusée-de-néant X-51;Cartes à collectionner;wrath;à définir;;no_candidate;;0;;;;
212;Fusée-de-néant X-51 X-TREME;Cartes à collectionner;wrath;à définir;;no_candidate;;0;;;;
213;Faucon-pérégrin blanc rapide;Butin;tbc;à définir;;no_candidate;;0;;;;
219;Monture du Cavalier sans tête;à définir;à définir;à définir;;no_candidate;;0;;;;
220;Elekk de guerre noir;Vendeur;tbc;à définir;;no_candidate;;0;;;;
221;Destrier de la mort d’Achérus;Quête;wrath;à définir;;no_candidate;;0;;;;
222;Zhévra rapide;à définir;à définir;à définir;;no_candidate;;0;;;;
223;Drake du Néant vengeur;PvP coté;tbc;à définir;;no_candidate;;0;;;;
224;Zhévra rapide;à définir;à définir;à définir;;no_candidate;;0;;;;
225;Kodo de monte de la fête des Brasseurs;à définir;à définir;à définir;;no_candidate;;0;;;;
226;Grand kodo de la fête des Brasseurs;Fête des brasseurs;tbc;à définir;;no_candidate;;0;;;;
230;Grand ours de bataille;Cartes à collectionner;wrath;à définir;;no_candidate;;0;;;;
236;Palefroi ailé de la Lame d’ébène;Vendeur;wrath;à définir;;no_candidate;;0;;;;
237;Ours polaire blanc;Quête;wrath;à définir;;no_candidate;;0;;;;
238;Griffon spectral rapide;à définir;à définir;à définir;;no_candidate;;0;;;;
240;Mécabécane;Ingénierie;wrath;à définir;;no_candidate;;0;;;;
241;Drake du Néant brutal;PvP coté;tbc;à définir;;no_candidate;;0;;;;
243;Grand ours du Blizzard;Divers;tbc;à définir;;no_candidate;;0;;;;
246;Drake azur;Butin;wrath;à définir;;no_candidate;;0;;;;
247;Drake bleu;Butin;wrath;à définir;;no_candidate;;0;;;;
248;Drake bronze;Butin;wrath;à définir;;no_candidate;;0;;;;
249;Drake rouge;Réputation;wrath;à définir;;no_candidate;;0;;;;
250;Drake du Crépuscule;Butin;wrath;à définir;;no_candidate;;0;;;;
251;Ours polaire noir;à définir;à définir;à définir;;no_candidate;;0;;;;
253;Drake noir;Butin;wrath;à définir;;no_candidate;;0;;;;
254;Mammouth de guerre noir;à définir;à définir;à définir;;no_candidate;;0;;;;
255;Mammouth de guerre noir;à définir;à définir;à définir;;no_candidate;;0;;;;
256;Mammouth laineux;à définir;à définir;à définir;;no_candidate;;0;;;;
257;Mammouth laineux;à définir;à définir;à définir;;no_candidate;;0;;;;
258;Mammouth des glaces;à définir;à définir;à définir;;no_candidate;;0;;;;
259;Mammouth des glaces;à définir;à définir;à définir;;no_candidate;;0;;;;
262;Proto-drake rouge;Haut-fait;wrath;à définir;;no_candidate;;0;;;;
263;Proto-drake noir;Haut-fait;wrath;à définir;;no_candidate;;0;;;;
264;Proto-drake bleu;Butin;wrath;à définir;;no_candidate;;0;;;;
265;Proto-drake perdu dans le temps;Butin;wrath;à définir;;no_candidate;;0;;;;
266;Proto-drake pestiféré;Haut-fait;wrath;à définir;;no_candidate;;0;;;;
267;Proto-drake pourpre;Haut-fait;wrath;à définir;;no_candidate;;0;;;;
268;Drake albinos;Haut-fait;wrath;à définir;;no_candidate;;0;;;;
269;Ours brun cuirassé;à définir;à définir;à définir;;no_candidate;;0;;;;
270;Ours brun cuirassé;à définir;à définir;à définir;;no_candidate;;0;;;;
271;Ours de guerre noir;à définir;à définir;à définir;;no_candidate;;0;;;;
272;Ours de guerre noir;à définir;à définir;à définir;;no_candidate;;0;;;;
273;Grand mammouth de caravane;à définir;à définir;à définir;;no_candidate;;0;;;;
274;Grand mammouth de caravane;à définir;à définir;à définir;;no_candidate;;0;;;;
275;Bécane de mekgénieur;Ingénierie;wrath;à définir;;no_candidate;;0;;;;
276;Griffon neigeux cuirassé;Vendeur;wrath;à définir;;no_candidate;;0;;;;
277;Coursier du vent bleu cuirassé;Vendeur;wrath;à définir;;no_candidate;;0;;;;
278;Proto-drake vert;Réputation;wrath;à définir;;no_candidate;;0;;;;
279;Tapis volant magnifique;Couture;wrath;à définir;;no_candidate;;0;;;;
280;Mammouth de voyage de la toundra;à définir;à définir;à définir;;no_candidate;;0;;;;
284;Mammouth de voyage de la toundra;à définir;à définir;à définir;;no_candidate;;0;;;;
285;Tapis volant;Couture;wrath;à définir;;no_candidate;;0;;;;
286;Grand mammouth de guerre noir;à définir;à définir;à définir;;no_candidate;;0;;;;
287;Grand mammouth de guerre noir;à définir;à définir;à définir;;no_candidate;;0;;;;
288;Grand mammouth des glaces;à définir;à définir;à définir;;no_candidate;;0;;;;
289;Grand mammouth des glaces;à définir;à définir;à définir;;no_candidate;;0;;;;
291;Faucon-dragon bleu;Haut-fait;wrath;à définir;;no_candidate;;0;;;;
292;Faucon-dragon rouge;Haut-fait;wrath;à définir;;no_candidate;;0;;;;
293;Faucon du destin illidari;Anniversaire de WoW;shadowlands;9.1;;no_candidate;;0;;;;
294;Palefroi de Hurlevent;Vendeur;wrath;à définir;;no_candidate;;0;;;;
295;Raptor sombrelance;Vendeur;wrath;à définir;;no_candidate;;0;;;;
296;Bélier de Forgefer;Vendeur;wrath;à définir;;no_candidate;;0;;;;
297;Sabre-de-nuit darnassien;Vendeur;wrath;à définir;;no_candidate;;0;;;;
298;Mécanotrotteur de Gnomeregan;Vendeur;wrath;à définir;;no_candidate;;0;;;;
299;Elekk de l’Exodar;Vendeur;wrath;à définir;;no_candidate;;0;;;;
300;Loup d’Orgrimmar;Vendeur;wrath;à définir;;no_candidate;;0;;;;
301;Kodo des Pitons-du-Tonnerre;Vendeur;wrath;à définir;;no_candidate;;0;;;;
302;Faucon-pérégrin de Lune-d’Argent;Vendeur;wrath;à définir;;no_candidate;;0;;;;
303;Cheval de guerre des Réprouvés;Vendeur;wrath;à définir;;no_candidate;;0;;;;
304;Tête de Mimiron;Butin;wrath;à définir;;no_candidate;;0;;;;
305;Hippogriffe d’Argent;Vendeur;wrath;à définir;;no_candidate;;0;;;;
306;Proto-drake bardé de fer;Haut-fait;wrath;à définir;;no_candidate;;0;;;;
307;Proto-drake rouillé;Haut-fait;wrath;à définir;;no_candidate;;0;;;;
308;Cheval de guerre squelette bleu;à définir;à définir;à définir;;no_candidate;;0;;;;
309;Kodo blanc;Vendeur;wrath;à définir;;no_candidate;;0;;;;
310;Loup noir;à définir;à définir;à définir;;no_candidate;;0;;;;
311;Ravasaure peau-de-venin;à définir;à définir;à définir;;no_candidate;;0;;;;
312;Tortue de mer;Pêche;wrath;à définir;;no_candidate;;0;;;;
313;Wyrm de givre du gladiateur fatal;PvP coté;wrath;à définir;;no_candidate;;0;;;;
314;Cheval squelette noir;Vendeur;wrath;à définir;;no_candidate;;0;;;;
317;Wyrm de givre du gladiateur furieux;PvP coté;wrath;à définir;;no_candidate;;0;;;;
318;Grand elekk rouge;Vendeur;wrath;à définir;;no_candidate;;0;;;;
319;Sabre-de-lune rapide;Vendeur;wrath;à définir;;no_candidate;;0;;;;
320;Faucon-pérégrin rouge rapide;Vendeur;wrath;à définir;;no_candidate;;0;;;;
321;Palefroi gris rapide;Vendeur;wrath;à définir;;no_candidate;;0;;;;
322;Grand kodo doré;Vendeur;wrath;à définir;;no_candidate;;0;;;;
323;Turbotrotteur;Vendeur;wrath;à définir;;no_candidate;;0;;;;
324;Bélier pourpre rapide;Vendeur;wrath;à définir;;no_candidate;;0;;;;
325;Raptor violet rapide;Vendeur;wrath;à définir;;no_candidate;;0;;;;
326;Cheval de guerre squelette blanc;Vendeur;wrath;à définir;;no_candidate;;0;;;;
327;Loup bordeaux rapide;Vendeur;wrath;à définir;;no_candidate;;0;;;;
328;Poulet magique;à définir;à définir;à définir;;no_candidate;;0;;;;
329;Hippogriffe du Concordat argenté;Réputation;wrath;à définir;;no_candidate;;0;;;;
330;Faucon-dragon saccage-soleil;Réputation;wrath;à définir;;no_candidate;;0;;;;
331;Palefroi quel’dorei;Réputation;wrath;à définir;;no_candidate;;0;;;;
332;Faucon-pérégrin saccage-soleil;Vendeur;wrath;à définir;;no_candidate;;0;;;;
333;Poulet magique;à définir;à définir;à définir;;no_candidate;;0;;;;
334;Poulet magique;à définir;à définir;à définir;;no_candidate;;0;;;;
335;Poulet magique;à définir;à définir;à définir;;no_candidate;;0;;;;
336;Cheval de guerre squelette ocre;Vendeur;wrath;à définir;;no_candidate;;0;;;;
337;Sabre-de-l’aube rayé;Vendeur;wrath;à définir;;no_candidate;;0;;;;
338;Destrier d’Argent;Vendeur;wrath;à définir;;no_candidate;;0;;;;
340;Wyrm de givre du gladiateur implacable;PvP coté;wrath;à définir;;no_candidate;;0;;;;
341;Cheval de guerre d’Argent;Vendeur;wrath;à définir;;no_candidate;;0;;;;
342;Loup rapide de la Horde;Butin;wrath;à définir;;no_candidate;;0;;;;
343;Palefroi rapide de l’Alliance;Butin;wrath;à définir;;no_candidate;;0;;;;
344;Cheval de guerre blanc de croisé;Haut-fait;wrath;à définir;;no_candidate;;0;;;;
345;Cheval de guerre noir de croisé;Haut-fait;wrath;à définir;;no_candidate;;0;;;;
349;Drake onyxien;Butin;wrath;à définir;;no_candidate;;0;;;;
350;Kodo marche-soleil;Divers;cataclysm;à définir;;no_candidate;;0;;;;
351;Grand kodo marche-soleil;Divers;cataclysm;à définir;;no_candidate;;0;;;;
352;Brise-cœur X-45;De l'amour dans l'air;wrath;à définir;;no_candidate;;0;;;;
358;Wyrm de givre du gladiateur courroucé;PvP coté;cataclysm;à définir;;no_candidate;;0;;;;
363;Invincible;Butin;wrath;à définir;;no_candidate;;0;;;;
364;Vainqueur couvegivre lié aux glaces;Haut-fait;wrath;à définir;;no_candidate;;0;;;;
365;Vainqueur couvegivre baigné de sang;Haut-fait;wrath;à définir;;no_candidate;;0;;;;
366;Destrier de la mort cramoisi;Quête;wrath;à définir;;no_candidate;;0;;;;
367;Elekk d’exarque;Divers;tbc;à définir;;no_candidate;;0;;;;
368;Elekk de grand exarque;Divers;tbc;à définir;;no_candidate;;0;;;;
371;Hippogriffe flamboyant;Comptoir;wrath;à définir;;no_candidate;;0;;;;
372;Rhinocéros laineux blanc;Cartes à collectionner;wrath;à définir;;no_candidate;;0;;;;
373;Hippocampe de Vashj’ir;Quête;cataclysm;à définir;;no_candidate;;0;;;;
375;Tapis volant givré;Couture;wrath;à définir;;no_candidate;;0;;;;
376;Palefroi céleste;Comptoir;wrath;à définir;;no_candidate;;0;;;;
382;Fusée de tourisme X-53;Comptoir;wrath;à définir;;no_candidate;;0;;;;
386;Raptor fossilisé;Archéologie;cataclysm;à définir;;no_candidate;;0;;;;
388;Triklomoteur gobelin;Vendeur;cataclysm;à définir;;no_candidate;;0;;;;
389;Triklomoteur turbo gobelin;Vendeur;cataclysm;à définir;;no_candidate;;0;;;;
391;Drake de pierre volcanique;Haut-fait;cataclysm;à définir;;no_candidate;;0;;;;
392;Drake du vent d’Est;Haut-fait;cataclysm;à définir;;no_candidate;;0;;;;
393;Drake de pierre phosphorescent;Butin;cataclysm;à définir;;no_candidate;;0;;;;
394;Drake du vent d’Ouest;Réputation;cataclysm;à définir;;no_candidate;;0;;;;
395;Drake du vent du Nord;Butin;cataclysm;à définir;;no_candidate;;0;;;;
396;Drake du vent du Sud;Butin;cataclysm;à définir;;no_candidate;;0;;;;
397;Drake de pierre vitrifiée;Butin;cataclysm;à définir;;no_candidate;;0;;;;
398;Dromadaire brun;Réputation;cataclysm;à définir;;no_candidate;;0;;;;
399;Dromadaire fauve;Réputation;cataclysm;à définir;;no_candidate;;0;;;;
400;Dromadaire gris;Butin;cataclysm;à définir;;no_candidate;;0;;;;
401;Phénix sombre;Haut-fait;cataclysm;à définir;;no_candidate;;0;;;;
403;Roi doré;Haut-fait;cataclysm;à définir;;no_candidate;;0;;;;
404;Char d’assaut qiraji bleu marine;à définir;à définir;à définir;;no_candidate;;0;;;;
405;Palefroi spectral;Réputation;cataclysm;à définir;;no_candidate;;0;;;;
406;Loup spectral;Réputation;cataclysm;à définir;;no_candidate;;0;;;;
407;Drake de grès;à définir;à définir;à définir;;no_candidate;;0;;;;
408;Drake tacheté;Cartes à collectionner;cataclysm;à définir;;no_candidate;;0;;;;
409;Annihilateur kor’kron;Haut-fait;cataclysm;à définir;;no_candidate;;0;;;;
410;Raptor razzashi cuirassé;Butin;cataclysm;à définir;;no_candidate;;0;;;;
411;Panthère zulienne rapide;Butin;cataclysm;à définir;;no_candidate;;0;;;;
412;Faucon-dragon amani;Cartes à collectionner;cataclysm;à définir;;no_candidate;;0;;;;
413;Hippogriffe gardeflamme;Haut-fait;cataclysm;à définir;;no_candidate;;0;;;;
415;Faucon de feu sang-pur;à définir;à définir;à définir;;no_candidate;;0;;;;
416;Faucon de gangrefeu;Haut-fait;wod;6.0;;no_candidate;;0;;;;
417;Faucon de feu corrompu;à définir;à définir;à définir;;no_candidate;;0;;;;
418;Raptor sauvage;Cartes à collectionner;cataclysm;à définir;;no_candidate;;0;;;;
419;Ours de bataille amani;Butin;cataclysm;à définir;;no_candidate;;0;;;;
420;Hippocampe assujetti;à définir;à définir;à définir;;no_candidate;;0;;;;
421;Gardien ailé;Retiré;cataclysm;à définir;;no_candidate;;0;;;;
422;Palefroi de guerre vicieux;PvP coté;cataclysm;4.2;;no_candidate;;0;;;;
423;Loup de guerre vicieux;PvP coté;cataclysm;4.2;;no_candidate;;0;;;;
424;Drake du Crépuscule du gladiateur vicieux;PvP coté;cataclysm;à définir;;no_candidate;;0;;;;
425;Serres-de-Flammes d’Alysrazor;Butin;cataclysm;à définir;;no_candidate;;0;;;;
426;Trotteur du rivage rapide;Cartes à collectionner;cataclysm;à définir;;no_candidate;;0;;;;
428;Drake du Crépuscule du gladiateur sans pitié;PvP coté;cataclysm;à définir;;no_candidate;;0;;;;
429;Trotteur des forêts rapide;Vendeur;cataclysm;4.3;;no_candidate;;0;;;;
430;Trotteur printanier rapide;Jardin des nobles;cataclysm;à définir;;no_candidate;;0;;;;
431;Inséparable rapide;De l'amour dans l'air;cataclysm;à définir;;no_candidate;;0;;;;
432;Dromadaire blanc;Cartes à collectionner;cataclysm;à définir;;no_candidate;;0;;;;
433;Hippogriffe corrompu;Cartes à collectionner;cataclysm;à définir;;no_candidate;;0;;;;
434;Ours dansant de Sombrelune;Vendeur;cataclysm;4.3;;no_candidate;;0;;;;
435;Cheval des montagnes;Vendeur;cataclysm;à définir;;no_candidate;;0;;;;
436;Cheval des montagnes rapide;Vendeur;cataclysm;à définir;;no_candidate;;0;;;;
439;Destrier de Tyraël;Comptoir;cataclysm;4.3;;no_candidate;;0;;;;
440;Griffon spectral;Comptoir;cataclysm;à définir;;no_candidate;;0;;;;
441;Coursier du vent spectral;Comptoir;cataclysm;à définir;;no_candidate;;0;;;;
442;Drake flamboyant;Butin;cataclysm;à définir;;no_candidate;;0;;;;
443;Émissaire du Crépuscule;à définir;à définir;à définir;;no_candidate;;0;;;;
444;Suivante de la Lieuse-de-Vie;Butin;cataclysm;à définir;;no_candidate;;0;;;;
445;Expérience 12-B;Butin;cataclysm;à définir;;no_candidate;;0;;;;
446;Cœur des Aspects;Boutique;cataclysm;à définir;;no_candidate;;0;;;;
447;Gangredrake;Cartes à collectionner;cataclysm;4.3;;no_candidate;;0;;;;
448;Serpent-nuage de jade;Quête;mop;à définir;;no_candidate;;0;;;;
449;Trotteur aquatique azur;Réputation;mop;à définir;;no_candidate;;0;;;;
450;Cerf-volant pandaren;à définir;à définir;à définir;;no_candidate;;0;;;;
451;Panthère d’onyx ornée de joyaux;Joaillerie;mop;5.0;;no_candidate;;0;;;;
452;Tortue-dragon verte;Vendeur;mop;à définir;;no_candidate;;0;;;;
453;Grande tortue-dragon rouge;Vendeur;mop;à définir;;no_candidate;;0;;;;
454;Destrier cendrecrin;Comptoir;wod;6.0;;no_candidate;;0;;;;
455;Aile-de-nuit obsidienne;à définir;à définir;à définir;;no_candidate;;0;;;;
456;Panthère de saphir;Joaillerie;mop;5.0;;no_candidate;;0;;;;
457;Panthère de jade;Joaillerie;mop;5.0;;no_candidate;;0;;;;
458;Panthère de rubis;Joaillerie;mop;5.0;;no_candidate;;0;;;;
459;Panthère en héliolithe;Joaillerie;mop;5.0;;no_candidate;;0;;;;
460;Yack de la grande expédition;Vendeur;mop;à définir;;no_candidate;;0;;;;
462;Yack de Kafa;Vendeur;dragonflight;10.2.7;;no_candidate;;0;;;;
463;Scorpion d’ambre;à définir;à définir;à définir;;no_candidate;;0;;;;
464;Serpent-nuage azur;Quête;mop;à définir;;no_candidate;;0;;;;
465;Serpent-nuage doré;Quête;mop;à définir;;no_candidate;;0;;;;
466;Serpent-nuage de jade fulminant;Haut-fait;mop;à définir;;no_candidate;;0;;;;
467;Drake du Crépuscule du gladiateur cataclysmique;PvP coté;mop;5.0;;no_candidate;;0;;;;
468;Quilen impérial;Boutique;mop;5.0;;no_candidate;;0;;;;
469;Fusée au kyparium appauvri;Ingénierie;mop;5.0;;no_candidate;;0;;;;
470;File-monde géosynchrone;Ingénierie;mop;5.0;;no_candidate;;0;;;;
471;Serpent-nuage onyx;Quête;mop;à définir;;no_candidate;;0;;;;
472;Serpent-nuage cramoisi;Haut-fait;mop;à définir;;no_candidate;;0;;;;
473;Serpent-nuage céleste onyx;Butin;mop;à définir;;no_candidate;;0;;;;
474;Serpent-nuage céleste cramoisi;Haut-fait;mop;à définir;;no_candidate;;0;;;;
475;Serpent-nuage céleste doré;Réputation;mop;à définir;;auto_assigned_unique_candidate;;1;wowhead-zone:6757;Azeroth > Pandarie > Île du Temps figé;wowhead-zone:6757;Azeroth > Pandarie > Île du Temps figé
476;Yu’lei, fille du jade;Vendeur;legion;7.1.5;;no_candidate;;0;;;;
477;Serpent-nuage céleste azur;Haut-fait;wod;6.2;;no_candidate;;0;;;;
478;Serpent-nuage astral;Butin;mop;à définir;;no_candidate;;0;;;;
479;Grue de monte azur;Réputation;mop;à définir;;no_candidate;;0;;;;
480;Grue de monte dorée;Réputation;mop;à définir;;no_candidate;;0;;;;
481;Grue de monte régalienne;Réputation;mop;à définir;;no_candidate;;0;;;;
482;Grue de monte de la jungle;à définir;à définir;à définir;;no_candidate;;0;;;;
484;Yack de monte noir;Vendeur;dragonflight;10.2.7;;no_candidate;;0;;;;
485;Yack de l’expédition intermédiaire;Vendeur;dragonflight;10.2.7;;no_candidate;;0;;;;
486;Yack de monte gris;Vendeur;mop;à définir;;no_candidate;;0;;;;
487;Yack de monte blond;Vendeur;mop;à définir;;no_candidate;;0;;;;
488;Trotteur aquatique cramoisi;Réputation;wod;6.0;;no_candidate;;0;;;;
492;Tortue-dragon noire;Vendeur;mop;à définir;;no_candidate;;0;;;;
493;Tortue-dragon bleue;Vendeur;mop;à définir;;no_candidate;;0;;;;
494;Tortue-dragon brune;Vendeur;mop;à définir;;no_candidate;;0;;;;
495;Tortue-dragon violette;Vendeur;mop;à définir;;no_candidate;;0;;;;
496;Tortue-dragon rouge;Vendeur;mop;à définir;;no_candidate;;0;;;;
497;Grande tortue-dragon verte;Vendeur;mop;à définir;;no_candidate;;0;;;;
498;Grande tortue-dragon noire;Vendeur;mop;à définir;;no_candidate;;0;;;;
499;Grande tortue-dragon bleue;Vendeur;mop;à définir;;no_candidate;;0;;;;
500;Grande tortue-dragon brune;Vendeur;mop;à définir;;no_candidate;;0;;;;
501;Grande tortue-dragon violette;Vendeur;mop;à définir;;no_candidate;;0;;;;
503;Phénix pandaren cramoisi;Haut-fait;mop;à définir;;no_candidate;;0;;;;
504;Serpent-nuage vénérable fulminant;Réputation;mop;à définir;;no_candidate;;0;;;;
505;Tigre de monte pandashan vert;Réputation;mop;à définir;;no_candidate;;0;;;;
506;Tigre de monte pandashan bleu;Réputation;mop;à définir;;no_candidate;;0;;;;
507;Tigre de monte pandashan rouge;Réputation;mop;à définir;;no_candidate;;0;;;;
508;Chèvre de monte brune;Réputation;mop;à définir;;no_candidate;;0;;;;
509;Nuage volant rouge;à définir;à définir;à définir;;no_candidate;;0;;;;
510;Chèvre de monte blanche;Réputation;mop;à définir;;no_candidate;;0;;;;
511;Chèvre de monte noire;Réputation;mop;à définir;;no_candidate;;0;;;;
515;Fils de Galion;à définir;à définir;à définir;;no_candidate;;0;;;;
516;Cerf-volant pandaren;à définir;à définir;à définir;;no_candidate;;0;;;;
517;Serpent-nuage de rubis fulminant;Butin;mop;à définir;;no_candidate;;0;;;;
518;Phénix pandaren cendré;Haut-fait;mop;à définir;;no_candidate;;0;;;;
519;Phénix pandaren émeraude;Haut-fait;mop;à définir;;no_candidate;;0;;;;
520;Phénix pandaren pourpre;Haut-fait;mop;à définir;;no_candidate;;0;;;;
521;Cerf-volant pandaren de jade;à définir;à définir;à définir;;no_candidate;;0;;;;
522;Golem céleste;Ingénierie;mop;5.4;;no_candidate;;0;;;;
523;Palefroi des vents;Retiré;mop;5.1;;no_candidate;;0;;;;
526;Grand griffon cuirassé;Réputation;mop;5.1;;no_candidate;;0;;;;
527;Grande wyverne cuirassée;Réputation;mop;5.1;;no_candidate;;0;;;;
528;Grand griffon;Quête;mop;5.1;;no_candidate;;0;;;;
529;Grande wyverne;Quête;mop;5.1;;no_candidate;;0;;;;
530;Hurleciel cuirassé;Haut-fait;mop;à définir;;no_candidate;;0;;;;
531;Rejeton d’Horridon;Butin;mop;5.2;;no_candidate;;0;;;;
532;Destrier ignoble;à définir;à définir;à définir;;no_candidate;;0;;;;
533;Navrecorne primordial cobalt;Butin;mop;à définir;;no_candidate;;0;;;;
534;Navrecorne primordial d’ambre;Butin;mop;à définir;;no_candidate;;0;;;;
535;Navrecorne primordial ardoise;Butin;mop;à définir;;no_candidate;;0;;;;
536;Navrecorne primordial jade;à définir;à définir;à définir;;no_candidate;;0;;;;
537;Raptor primordial ivoirin;Quête;mop;à définir;;no_candidate;;0;;;;
538;Raptor primordial rouge;Butin;mop;à définir;;no_candidate;;0;;;;
539;Raptor primordial noir;Butin;mop;à définir;;no_candidate;;0;;;;
540;Raptor primordial vert;Butin;mop;à définir;;no_candidate;;0;;;;
541;Serpent-nuage du gladiateur malveillant;PvP coté;mop;à définir;;no_candidate;;0;;;;
542;Serpent-nuage de cobalt fulminant;Butin;mop;5.2;;auto_assigned_unique_candidate;;1;wowhead-zone:6507;Azeroth > Pandarie > Île du Tonnerre;wowhead-zone:6507;Azeroth > Pandarie > Île du Tonnerre
543;Couvée de Ji Kun;Butin;mop;5.2;;no_candidate;;0;;;;
544;Aile-de-sang cuirassée;Retiré;mop;5.2;;no_candidate;;0;;;;
545;Navrecorne primordial doré;Réputation;mop;à définir;;no_candidate;;0;;;;
546;Navrecorne primordial cramoisi;Réputation;mop;à définir;;no_candidate;;0;;;;
547;Deckstrier ailé;Haut-fait;mop;5.3;;no_candidate;;0;;;;
548;Faucon-dragon rouge cuirassé;Haut-fait;mop;5.3;;no_candidate;;0;;;;
549;Faucon-dragon bleu cuirassé;Haut-fait;mop;5.3;;no_candidate;;0;;;;
550;Mushan mastoc de bastonneur;Retiré;mop;5.3;;no_candidate;;0;;;;
551;Dragon-faë enchanté;Boutique;mop;5.3;;no_candidate;;0;;;;
552;Destrier spectral bardé de fer;Vendeur;wod;6.2;;no_candidate;;0;;;;
554;Sabre de guerre kaldorei vicieux;à définir;à définir;à définir;;no_candidate;;0;;;;
555;Cheval de guerre squelette vicieux;PvP coté;mop;5.4;;no_candidate;;0;;;;
557;Rejeton de Galakras;à définir;à définir;à définir;;no_candidate;;0;;;;
558;Loup de guerre kor’kron;Haut-fait;mop;à définir;;no_candidate;;0;;;;
559;Mastodonte kor’kron;Butin;mop;5.4;;no_candidate;;0;;;;
560;Mushan cendrepeau;Vendeur;mop;à définir;;no_candidate;;0;;;;
561;Serpent-nuage d’onyx fulminant;Butin;mop;à définir;;no_candidate;;0;;;;
562;Serpent-nuage du gladiateur tyrannique;PvP coté;mop;à définir;;no_candidate;;0;;;;
563;Serpent-nuage du gladiateur dramatique;PvP coté;mop;à définir;;no_candidate;;0;;;;
564;Serpent-nuage du gladiateur orgueilleux;PvP coté;mop;à définir;;no_candidate;;0;;;;
568;Hippogriffe émeraude;Retiré;mop;5.4;;no_candidate;;0;;;;
571;Saccage-ciel de Fer;Boutique;mop;à définir;;no_candidate;;0;;;;
593;Méca-cavale de cauchemar;Boutique;mop;5.3;;no_candidate;;0;;;;
594;Saccageur sinistre;Retiré;wod;à définir;;no_candidate;;0;;;;
600;Corbeau de l’effroi;Boutique;mop;5.4;;no_candidate;;0;;;;
603;Tapis rampant;Couture;wod;6.0;;no_candidate;;0;;;;
606;Chien du magma;Vendeur;wod;6.0;;no_candidate;;0;;;;
607;Gronnlin trotte-sang;Haut-fait;wod;6.0;;no_candidate;;0;;;;
608;Foule-falaise peau-fripée;Vendeur;wod;6.0;;no_candidate;;0;;;;
609;Sabot-glacé apprivoisé;Quête;wod;6.0;;no_candidate;;0;;;;
611;Sabot-glacé de la toundra;Butin;wod;à définir;;no_candidate;;0;;;;
612;Étalon sabot-de-sang;Butin;wod;6.0;;no_candidate;;0;;;;
613;Destructeur sabot-de-fer;Butin;wod;6.0;;no_candidate;;0;;;;
614;Foule-prairie tacheté;Butin;wod;6.0;;no_candidate;;0;;;;
615;Foule-prairie apprivoisé;Quête;wod;6.0;;no_candidate;;0;;;;
616;Brocheperle sombrepoil;Butin;wod;6.0;;no_candidate;;0;;;;
617;Rochecuir poussiéreux;Réputation;wod;6.0;;no_candidate;;0;;;;
618;Défense-de-fer cuirassé;Réputation;wod;6.0;;no_candidate;;0;;;;
619;Sanglier de guerre en noiracier;Haut-fait;wod;6.0;;no_candidate;;0;;;;
620;Sanglier de guerre brochepierre;Vendeur;wod;6.0;;no_candidate;;0;;;;
621;Huregivre cuirassé;Haut-fait;wod;6.0;;no_candidate;;0;;;;
622;Tranchedos cuirassé;Butin;wod;6.2;;no_candidate;;0;;;;
623;Sanglier de guerre des plaines givrées;Haut-fait;wod;6.0;;no_candidate;;0;;;;
624;Broche-tripes sauvage;Réputation;wod;6.2;;no_candidate;;0;;;;
625;Tranchedos domestiqué;Réputation;wod;6.0;;no_candidate;;0;;;;
626;Groin-froid géant;Butin;wod;6.0;;no_candidate;;0;;;;
627;Grand grisebroche;Butin;wod;6.0;;no_candidate;;0;;;;
628;Brochepierre apprivoisé;Quête;wod;6.0;;no_candidate;;0;;;;
629;Bourbefleuve apprivoisé;Quête;wod;6.0;;no_candidate;;0;;;;
630;Potamodonte saphir;Butin;wod;6.0;;no_candidate;;0;;;;
631;Potamodonte dos-de-boue;Quête;wod;6.2;;no_candidate;;0;;;;
632;Bourbefleuve poil-moussu;Vendeur;wod;6.0;;auto_assigned_unique_candidate;;1;wowhead-zone:6941;Draenor > Draenor > A’shran;wowhead-zone:6941;Draenor > Draenor > A’shran
633;Infernal des Flammes infernales;à définir;à définir;à définir;;no_candidate;;0;;;;
634;Faucon des flèches solaire;Butin;wod;6.0;;no_candidate;;0;;;;
635;Destrier crin-d’ombre;Réputation;wod;6.0;;no_candidate;;0;;;;
636;Trotte-brise rapide;Butin;wod;6.0;;no_candidate;;0;;;;
637;Pelargent apprivoisé;Quête;wod;6.0;;no_candidate;;0;;;;
638;Étalon trotte-brise;Réputation;wod;6.0;;no_candidate;;0;;;;
639;Broutépine pâle;Réputation;wod;6.0;;no_candidate;;0;;;;
640;Bélier de guerre vicieux;PvP coté;wod;6.0;;no_candidate;;0;;;;
641;Raptor de guerre vicieux;PvP coté;wod;6.0;;no_candidate;;0;;;;
642;Garn gueule-d’acier;Butin;wod;6.0;;no_candidate;;0;;;;
643;Morne-croc chanteguerre;Butin;wod;6.2;;no_candidate;;0;;;;
644;Loup de givre cuirassé;Haut-fait;wod;6.0;;no_candidate;;0;;;;
645;Loup de guerre flanc-de-fer;Réputation;wod;6.0;;no_candidate;;0;;;;
646;Infernal flamme-froide;à définir;à définir;à définir;;no_candidate;;0;;;;
647;Grogneur apprivoisé;Quête;wod;6.0;;no_candidate;;0;;;;
648;Loup-de-givre rapide;Réputation;wod;6.0;;no_candidate;;0;;;;
649;Loup redoutable anthracite;Butin;wod;6.0;;no_candidate;;0;;;;
650;Loup redoutable crin-de-poussière;à définir;à définir;à définir;;no_candidate;;0;;;;
651;Mort-sur-roues de seigneur de guerre;Haut-fait;mop;5.4;;no_candidate;;0;;;;
652;Motolame de champion;Vendeur;mop;5.4;;no_candidate;;0;;;;
654;Yéti de guerre du prétendant;Haut-fait;wod;6.0;;no_candidate;;0;;;;
655;Gronnlin peau-solaire;Butin;wod;6.0;;no_candidate;;0;;;;
656;Rôdeur de Llothien;Quête;legion;7.0;;no_candidate;;0;;;;
657;Garn nocthurle;Butin;wod;6.0;;no_candidate;;0;;;;
663;Veuve croc-de-sang;à définir;à définir;à définir;;no_candidate;;0;;;;
664;Drake émeraude;Haut-fait;wod;6.0;;no_candidate;;0;;;;
678;Mécabécane avec chauffeur;à définir;à définir;à définir;;no_candidate;;0;;;;
679;Bécane de mekgénieur avec chauffeur;à définir;à définir;à définir;;no_candidate;;0;;;;
682;Serre du Vide de l’Étoile noire;Butin;wod;6.1;;no_candidate;;0;;;;
741;Sabrerune mystique;Boutique;wod;à définir;;no_candidate;;0;;;;
751;Annihilateur en gangracier;Butin;wod;6.2;;no_candidate;;0;;;;
753;Aile de l’effroi corrompue;à définir;à définir;à définir;;no_candidate;;0;;;;
755;Mécanotrotteur de guerre vicieux;PvP coté;wod;6.2;;no_candidate;;0;;;;
756;Kodo de guerre vicieux;PvP coté;wod;6.2;;no_candidate;;0;;;;
758;Loup redoutable infernal;Haut-fait;wod;6.2;;no_candidate;;0;;;;
759;Gronnlin gangresang du gladiateur primordial;PvP coté;wod;6.0;;no_candidate;;0;;;;
760;Gronnlin gangresang du gladiateur farouche;PvP coté;wod;6.1;;no_candidate;;0;;;;
761;Gronnlin gangresang du gladiateur belliqueux;PvP coté;wod;6.2;;no_candidate;;0;;;;
762;Gronnlin poing-de-charbon;Quête;wod;6.2;;no_candidate;;0;;;;
763;Traqueur gangrené illidari;Boutique;wod;6.2;;no_candidate;;0;;;;
764;Gardien du Bosquet;Quête;wod;6.2;;no_candidate;;0;;;;
765;Sanglier infernal hirsute;Réputation;wod;6.2;;no_candidate;;0;;;;
768;Sanglier gangrené mort-défense;Réputation;wod;6.2;;no_candidate;;0;;;;
769;Serviteur de Grognus;Voile d'hiver;wod;6.2;;no_candidate;;0;;;;
772;Terreur-du-ciel majestueuse;Haut-fait;wod;6.2;;no_candidate;;0;;;;
773;Profanateur du bosquet;à définir;à définir;à définir;;no_candidate;;0;;;;
775;Palefroi de guerre prestigieux;Haut-fait;legion;7.1;;no_candidate;;0;;;;
776;Rylak spectral rapide;à définir;à définir;à définir;;no_candidate;;0;;;;
778;Faucon-dragon éclipse;Vendeur;wod;6.2;;no_candidate;;0;;;;
779;Esprit d’Eche’ro;Archéologie;legion;7.0;;manually_assigned;;3;wowhead-zone:7502;Azeroth > Îles Brisées > Dalaran;wowhead-zone:7502 | wowhead-zone:6611 | wowhead-zone:7886;Azeroth > Îles Brisées > Dalaran | Azeroth > Pandarie > Dalaran | Azeroth > Royaumes de l'Est > Dalaran
780;Gangresabre;à définir;à définir;à définir;;no_candidate;;0;;;;
781;Saccageur temporel infini;Butin;wod;6.2;;no_candidate;;0;;;;
784;Loup de guerre prestigieux;Haut-fait;legion;7.1;;no_candidate;;0;;;;
791;Infernal du Brasier infernal;à définir;à définir;à définir;;no_candidate;;0;;;;
793;Scrutesang prédateur;Quête;legion;7.1;;auto_assigned_unique_candidate;;1;wowhead-zone:7334;Azeroth > Îles Brisées > Azsuna;wowhead-zone:7334;Azeroth > Îles Brisées > Azsuna
794;Bec-sinistre brillant;Quête;legion;7.1;;auto_assigned_unique_candidate;;1;wowhead-zone:7541;Azeroth > Îles Brisées > Tornheim;wowhead-zone:7541;Azeroth > Îles Brisées > Tornheim
795;Chasseur plume-neige;Quête;legion;7.1;;auto_assigned_unique_candidate;;1;wowhead-zone:7503;Azeroth > Îles Brisées > Haut-Roc;wowhead-zone:7503;Azeroth > Îles Brisées > Haut-Roc
796;Serres-tranchantes viridien;Quête;legion;7.1;;auto_assigned_unique_candidate;;1;wowhead-zone:7558;Azeroth > Îles Brisées > Val’sharah;wowhead-zone:7558;Azeroth > Îles Brisées > Val’sharah
797;Dévoreur lige-acier;à définir;à définir;à définir;;no_candidate;;0;;;;
799;Infernal cœur-de-braise;à définir;à définir;à définir;;no_candidate;;0;;;;
800;Saumefond benthique;Réputation;legion;7.0;;no_candidate;;0;;;;
802;Hippogriffe oublié depuis longtemps;à définir;à définir;à définir;;no_candidate;;0;;;;
803;Tombaile ouvragée;Butin;shadowlands;9.1;;auto_assigned_unique_candidate;;1;wowhead-zone:13570;Ombreterre > Ombreterre > Korthia;wowhead-zone:13570;Ombreterre > Ombreterre > Korthia
804;Ralezan;Haut-fait;legion;7.0;;no_candidate;;0;;;;
826;Coursier de bronze prestigieux;Haut-fait;legion;7.0;;no_candidate;;0;;;;
831;Coursier royal prestigieux;Haut-fait;legion;7.0;;no_candidate;;0;;;;
832;Coursier des forêts prestigieux;Haut-fait;legion;7.0;;no_candidate;;0;;;;
833;Coursier d’ivoire prestigieux;Haut-fait;legion;7.0;;no_candidate;;0;;;;
834;Coursier d’azur prestigieux;Haut-fait;legion;7.0;;no_candidate;;0;;;;
836;Coursier de minuit prestigieux;Haut-fait;legion;7.0;;no_candidate;;0;;;;
838;Créature des grands fonds;Secret;legion;7.1;;auto_assigned_unique_candidate;;1;wowhead-zone:7578;Azeroth > Îles Brisées > Azsuna > Œil d’Azshara;wowhead-zone:7578;Azeroth > Îles Brisées > Azsuna > Œil d’Azshara
841;Cheval de guerre gilnéen vicieux;PvP coté;legion;7.0;;no_candidate;;0;;;;
842;Triklomoteur de guerre vicieux;PvP coté;legion;7.0;;no_candidate;;0;;;;
843;Faucon de guerre vicieux;PvP coté;legion;7.0;;no_candidate;;0;;;;
844;Elekk de guerre vicieux;PvP coté;legion;7.0;;no_candidate;;0;;;;
845;Extracteur de bois mécanique;Haut-fait;legion;7.0;;no_candidate;;0;;;;
846;Hippogriffe à plumes telluriques;Haut-fait;legion;7.0;;no_candidate;;0;;;;
847;Tortue de guerre d’Arcadie;Vendeur;legion;7.0;;no_candidate;;0;;;;
848;Dragon des tempêtes du gladiateur vindicatif;Retiré;legion;7.0;;no_candidate;;0;;;;
849;Dragon des tempêtes du gladiateur intrépide;Retiré;legion;7.1;;no_candidate;;0;;;;
850;Dragon des tempêtes du gladiateur cruel;Retiré;legion;7.2;;no_candidate;;0;;;;
851;Dragon des tempêtes du gladiateur féroce;Retiré;legion;7.2.5;;no_candidate;;0;;;;
852;Dragon des tempêtes du gladiateur opiniâtre;Retiré;legion;7.3;;no_candidate;;0;;;;
853;Dragon des tempêtes du gladiateur autoritaire;Retiré;legion;7.3;;no_candidate;;0;;;;
854;Grand noble-bois du Nord;à définir;à définir;à définir;;no_candidate;;0;;;;
855;Raie des eaux sombres;Vendeur;legion;7.1;;no_candidate;;0;;;;
860;Disque prismatique d’archimage;Quête;legion;7.2;;auto_assigned_unique_candidate;;1;wowhead-zone:7543;Azeroth > Îles Brisées > Rivage Brisé;wowhead-zone:7543;Azeroth > Îles Brisées > Rivage Brisé
861;Veilleur ligelumière de grand prêtre;Quête;legion;7.2;;auto_assigned_unique_candidate;;1;wowhead-zone:7543;Azeroth > Îles Brisées > Rivage Brisé;wowhead-zone:7543;Azeroth > Îles Brisées > Rivage Brisé
864;Ban Lu, compagnon de grand maître;Quête;legion;7.2;;auto_assigned_unique_candidate;;1;wowhead-zone:7543;Azeroth > Îles Brisées > Rivage Brisé;wowhead-zone:7543;Azeroth > Îles Brisées > Rivage Brisé
865;Loup-faucon loyal de maître chasseur;Quête;legion;7.2;;auto_assigned_unique_candidate;;1;wowhead-zone:7543;Azeroth > Îles Brisées > Rivage Brisé;wowhead-zone:7543;Azeroth > Îles Brisées > Rivage Brisé
866;Vainqueur couvepeste de seigneur de la mort;Quête;legion;7.2;;auto_assigned_unique_candidate;;1;wowhead-zone:7543;Azeroth > Îles Brisées > Rivage Brisé;wowhead-zone:7543;Azeroth > Îles Brisées > Rivage Brisé
867;Wyrm sanguinaire de seigneur de bataille;Quête;legion;7.2;;auto_assigned_unique_candidate;;1;wowhead-zone:7543;Azeroth > Îles Brisées > Rivage Brisé;wowhead-zone:7543;Azeroth > Îles Brisées > Rivage Brisé
868;Hurleur gangrebrisé de vengeur;à définir;à définir;à définir;;no_candidate;;0;;;;
870;Loup-faucon féroce de maître chasseur;à définir;à définir;à définir;;no_candidate;;0;;;;
872;Loup-faucon terrible de maître chasseur;à définir;à définir;à définir;;no_candidate;;0;;;;
873;Ours de guerre vicieux;à définir;à définir;à définir;;no_candidate;;0;;;;
874;Ours de guerre vicieux;à définir;à définir;à définir;;no_candidate;;0;;;;
875;Minuit;à définir;à définir;à définir;;no_candidate;;0;;;;
876;Lion de guerre vicieux;PvP coté;legion;7.2;;no_candidate;;0;;;;
877;Faucon-pérégrin ivoire;Vendeur;legion;7.1;;no_candidate;;0;;;;
878;Basilic balèze de bastonneur;Retiré;legion;7.1.5;;no_candidate;;0;;;;
881;Sabre-de-mana d’arcaniste;Quête;legion;7.1;;no_candidate;;0;;;;
882;Scorpion de guerre vicieux;PvP coté;legion;7.2;;no_candidate;;0;;;;
883;Wyrm des braises incandescentes;Butin;legion;7.1;;no_candidate;;0;;;;
884;Présage meurtrier de lame-de-l’ombre;Quête;legion;7.2;;auto_assigned_unique_candidate;;1;wowhead-zone:7543;Azeroth > Îles Brisées > Rivage Brisé;wowhead-zone:7543;Azeroth > Îles Brisées > Rivage Brisé
885;Destrier doré de généralissime;Quête;legion;7.2;;auto_assigned_unique_candidate;;1;wowhead-zone:7543;Azeroth > Îles Brisées > Rivage Brisé;wowhead-zone:7543;Azeroth > Îles Brisées > Rivage Brisé
888;Tempête déchaînée de long-voyant;Quête;legion;7.2;;auto_assigned_unique_candidate;;1;wowhead-zone:7543;Azeroth > Îles Brisées > Rivage Brisé;wowhead-zone:7543;Azeroth > Îles Brisées > Rivage Brisé
889;Présage mortel de lame-de-l’ombre;Quête;legion;7.2;;no_candidate;;0;;;;
890;Présage fatal de lame-de-l’ombre;Quête;legion;7.2;;no_candidate;;0;;;;
891;Présage cramoisi de lame-de-l’ombre;Quête;legion;7.2;;no_candidate;;0;;;;
892;Destrier vengeur de généralissime;Quête;legion;7.2;;no_candidate;;0;;;;
893;Destrier vigilant de généralissime;Quête;legion;7.2;;no_candidate;;0;;;;
894;Destrier valeureux de généralissime;Quête;legion;7.2;;no_candidate;;0;;;;
896;Sabre de feu primordial;Divers;legion;7.2;;no_candidate;;0;;;;
898;Destrier du courroux chaotique de seigneur du Néant;Quête;legion;7.2;;auto_assigned_unique_candidate;;1;wowhead-zone:7543;Azeroth > Îles Brisées > Rivage Brisé;wowhead-zone:7543;Azeroth > Îles Brisées > Rivage Brisé
899;Ver abyssal;Butin;legion;7.2;;no_candidate;;0;;;;
900;Tortue de guerre vicieuse;à définir;à définir;à définir;;no_candidate;;0;;;;
901;Tortue de guerre vicieuse;à définir;à définir;à définir;;no_candidate;;0;;;;
905;Tapis volant tellurique;Réputation;legion;7.2;;no_candidate;;0;;;;
906;Raie de mana sombrespore;Butin;legion;7.3;;auto_assigned_unique_candidate;;1;manual-location:broken-isles:argus;Azeroth > Îles Brisées > Argus;manual-location:broken-isles:argus;Azeroth > Îles Brisées > Argus
926;Hyène d’albâtre;Réputation;bfa;8.0;;auto_assigned_unique_candidate;;1;wowhead-zone:8501;Azeroth > Zandalar > Vol’dun;wowhead-zone:8501;Azeroth > Zandalar > Vol’dun
928;Charognard des dunes;à définir;à définir;à définir;;no_candidate;;0;;;;
930;Destrier du courroux sulfureux de seigneur du Néant;Quête;legion;7.2;;no_candidate;;0;;;;
931;Destrier du courroux maudit de seigneur du Néant;Quête;legion;7.2;;auto_assigned_unique_candidate;;1;wowhead-zone:7543;Azeroth > Îles Brisées > Rivage Brisé;wowhead-zone:7543;Azeroth > Îles Brisées > Rivage Brisé
932;Exossature sancteforge;Réputation;legion;7.3;;auto_assigned_unique_candidate;;1;manual-location:broken-isles:argus;Azeroth > Îles Brisées > Argus;manual-location:broken-isles:argus;Azeroth > Îles Brisées > Argus
933;Krolusk d’obsidienne;Haut-fait;bfa;8.0;;no_candidate;;0;;;;
934;Hippogriffe spectral rapide;à définir;à définir;à définir;;no_candidate;;0;;;;
935;Char de guerre qiraji bleu;à définir;à définir;à définir;;no_candidate;;0;;;;
936;Char de guerre qiraji rouge;à définir;à définir;à définir;;no_candidate;;0;;;;
937;Char de guerre qiraji noir;à définir;à définir;à définir;;no_candidate;;0;;;;
939;Foule-ruines sable;Réputation;legion;7.3;;auto_assigned_unique_candidate;;1;manual-location:broken-isles:argus;Azeroth > Îles Brisées > Argus;manual-location:broken-isles:argus;Azeroth > Îles Brisées > Argus
941;Noble-bois de Haut-Roc;Réputation;legion;7.2;;auto_assigned_unique_candidate;;1;wowhead-zone:7503;Azeroth > Îles Brisées > Haut-Roc;wowhead-zone:7503;Azeroth > Îles Brisées > Haut-Roc
942;Courserêve sauvage;Réputation;legion;7.2;;auto_assigned_unique_candidate;;1;wowhead-zone:7558;Azeroth > Îles Brisées > Val’sharah;wowhead-zone:7558;Azeroth > Îles Brisées > Val’sharah
943;Hippogriffe nuelle;Réputation;legion;7.2;;auto_assigned_unique_candidate;;1;wowhead-zone:7334;Azeroth > Îles Brisées > Azsuna;wowhead-zone:7334;Azeroth > Îles Brisées > Azsuna
944;Aile-tempête valarjar;Réputation;legion;7.2;;auto_assigned_unique_candidate;;1;wowhead-zone:7541;Azeroth > Îles Brisées > Tornheim;wowhead-zone:7541;Azeroth > Îles Brisées > Tornheim
945;Renard de guerre vicieux;à définir;à définir;à définir;;no_candidate;;0;;;;
946;Renard de guerre vicieux;à définir;à définir;à définir;;no_candidate;;0;;;;
947;Ver énigmatique de l’esprit;Secret;legion;7.2;;no_candidate;;0;;;;
948;Dragon des tempêtes du gladiateur démoniaque;Retiré;legion;7.3.5;;no_candidate;;0;;;;
949;Cherchétoile lumineux;Boutique;legion;7.3;;no_candidate;;0;;;;
954;Ur’zul entravé;Butin;legion;7.3;;no_candidate;;0;;;;
955;Vil indomptable;Butin;legion;7.3;;manually_assigned;;2;wowhead-zone:8899;Azeroth > Îles Brisées > Argus > Étendues Antoréennes;manual-location:broken-isles:argus | wowhead-zone:8899;Azeroth > Îles Brisées > Argus | Azeroth > Îles Brisées > Argus > Étendues Antoréennes
956;Cherche-veine sauteur;à définir;à définir;à définir;;no_candidate;;0;;;;
958;Pterreurdaile spectral;Réputation;bfa;8.2;;auto_assigned_unique_candidate;;1;wowhead-zone:8499;Azeroth > Zandalar > Zuldazar;wowhead-zone:8499;Azeroth > Zandalar > Zuldazar
959;Traque-ciel de Hurlevent;Retiré;legion;7.3;;no_candidate;;0;;;;
960;Intercepteur d’Orgrimmar;Retiré;legion;7.3;;no_candidate;;0;;;;
961;Cauchemar lucide;Secret;legion;7.3;;no_candidate;;0;;;;
962;Dirigeable de Sombrelune;Vendeur;legion;7.3;;no_candidate;;0;;;;
963;Crogg gorgé de sang;Haut-fait;bfa;8.0;;no_candidate;;0;;;;
964;Foule-ruines améthyste;Réputation;legion;7.3;;auto_assigned_unique_candidate;;1;manual-location:broken-isles:argus;Azeroth > Îles Brisées > Argus;manual-location:broken-isles:argus;Azeroth > Îles Brisées > Argus
965;Foule-ruines céruléen;Réputation;legion;7.3;;auto_assigned_unique_candidate;;1;manual-location:broken-isles:argus;Azeroth > Îles Brisées > Argus;manual-location:broken-isles:argus;Azeroth > Îles Brisées > Argus
966;Foule-ruines béryl;Réputation;legion;7.3;;auto_assigned_unique_candidate;;1;manual-location:broken-isles:argus;Azeroth > Îles Brisées > Argus;manual-location:broken-isles:argus;Azeroth > Îles Brisées > Argus
967;Foule-ruines acajou;Réputation;legion;7.3;;auto_assigned_unique_candidate;;1;manual-location:broken-isles:argus;Azeroth > Îles Brisées > Argus;manual-location:broken-isles:argus;Azeroth > Îles Brisées > Argus
968;Foule-ruines brun-roux;Réputation;legion;7.3;;auto_assigned_unique_candidate;;1;manual-location:broken-isles:argus;Azeroth > Îles Brisées > Argus;manual-location:broken-isles:argus;Azeroth > Îles Brisées > Argus
970;Foule-chaos affolé;Butin;legion;7.3;;auto_assigned_unique_candidate;;1;manual-location:broken-isles:argus;Azeroth > Îles Brisées > Argus;manual-location:broken-isles:argus;Azeroth > Îles Brisées > Argus
971;Molosse embrasé antoréen;Butin;legion;7.3;;auto_assigned_unique_candidate;;1;manual-location:broken-isles:argus;Azeroth > Îles Brisées > Argus;manual-location:broken-isles:argus;Azeroth > Îles Brisées > Argus
972;Molosse ombreux antoréen;Haut-fait;legion;7.3;;no_candidate;;0;;;;
973;Raie de mana diaprée;Butin;legion;7.3;;auto_assigned_unique_candidate;;1;manual-location:broken-isles:argus;Azeroth > Îles Brisées > Argus;manual-location:broken-isles:argus;Azeroth > Îles Brisées > Argus
974;Raie de mana éclatante;Butin;legion;7.3;;auto_assigned_unique_candidate;;1;manual-location:broken-isles:argus;Azeroth > Îles Brisées > Argus;manual-location:broken-isles:argus;Azeroth > Îles Brisées > Argus
975;Raie de mana gangreluisante;Butin;legion;7.3;;auto_assigned_unique_candidate;;1;manual-location:broken-isles:argus;Azeroth > Îles Brisées > Argus;manual-location:broken-isles:argus;Azeroth > Îles Brisées > Argus
976;Raie de mana scintillante;Butin;legion;7.3;;auto_assigned_unique_candidate;;1;manual-location:broken-isles:argus;Azeroth > Îles Brisées > Argus;manual-location:broken-isles:argus;Azeroth > Îles Brisées > Argus
978;Aile-ensorcelée pourpre;à définir;à définir;à définir;;no_candidate;;0;;;;
979;Gueule-écumante cramoisie;Butin;legion;7.3;;manually_assigned;;2;wowhead-zone:8899;Azeroth > Îles Brisées > Argus > Étendues Antoréennes;manual-location:broken-isles:argus | wowhead-zone:8899;Azeroth > Îles Brisées > Argus | Azeroth > Îles Brisées > Argus > Étendues Antoréennes
980;Crache-acide;Butin;legion;7.3;;auto_assigned_unique_candidate;;1;manual-location:broken-isles:argus;Azeroth > Îles Brisées > Argus;manual-location:broken-isles:argus;Azeroth > Îles Brisées > Argus
981;Grince-dents caustique;Butin;legion;7.3;;manually_assigned;;2;wowhead-zone:8899;Azeroth > Îles Brisées > Argus > Étendues Antoréennes;manual-location:broken-isles:argus | wowhead-zone:8899;Azeroth > Îles Brisées > Argus | Azeroth > Îles Brisées > Argus > Étendues Antoréennes
982;Ortie d’eau douce;Pêche;legion;7.3;;auto_assigned_unique_candidate;;1;manual-location:broken-isles:argus;Azeroth > Îles Brisées > Argus;manual-location:broken-isles:argus;Azeroth > Îles Brisées > Argus
983;Gangrebroyeur glorieux;Réputation;legion;7.3;;auto_assigned_unique_candidate;;1;manual-location:broken-isles:argus;Azeroth > Îles Brisées > Argus;manual-location:broken-isles:argus;Azeroth > Îles Brisées > Argus
984;Gangrebroyeur béni;Réputation;legion;7.3;;auto_assigned_unique_candidate;;1;manual-location:broken-isles:argus;Azeroth > Îles Brisées > Argus;manual-location:broken-isles:argus;Azeroth > Îles Brisées > Argus
985;Gangrebroyeur vengeur;Réputation;legion;7.3;;auto_assigned_unique_candidate;;1;manual-location:broken-isles:argus;Azeroth > Îles Brisées > Argus;manual-location:broken-isles:argus;Azeroth > Îles Brisées > Argus
986;Foule-ruines sabot-morne;Haut-fait;legion;7.3;;auto_assigned_unique_candidate;;1;manual-location:broken-isles:argus;Azeroth > Îles Brisées > Argus;manual-location:broken-isles:argus;Azeroth > Îles Brisées > Argus
993;Caquet;Exploration des îles;bfa;8.0;;no_candidate;;0;;;;
994;Plumocéan royal;Vendeur;dragonflight;10.2.6;;no_candidate;;0;;;;
995;Jacasse;à définir;à définir;à définir;;no_candidate;;0;;;;
996;Étalon crin-de-mer;Boutique;legion;7.3.5;;no_candidate;;0;;;;
997;Ravasaure doré;Boutique;legion;7.3.5;;no_candidate;;0;;;;
999;Tout-terrain Xiwyllag;Métier;bfa;8.2;;no_candidate;;0;;;;
1006;Gangrebroyeur sancteforge;Haut-fait;bfa;8.0;;no_candidate;;0;;;;
1007;Sabot-tonnerre de Haut-Roc;Haut-fait;bfa;8.0;;no_candidate;;0;;;;
1008;Sabre-de-mana sacrenuit;Haut-fait;bfa;8.0;;no_candidate;;0;;;;
1009;Trotteur du Vide astral;Haut-fait;bfa;8.0;;no_candidate;;0;;;;
1010;Étalon de l’amirauté;Réputation;bfa;8.0;;auto_assigned_unique_candidate;;1;wowhead-zone:8567;Azeroth > Kul Tiras > Rade de Tiragarde;wowhead-zone:8567;Azeroth > Kul Tiras > Rade de Tiragarde
1011;Shu Zen, la sentinelle divine;Boutique;legion;à définir;;no_candidate;;0;;;;
1012;Bondisseuse des marais verte;Vendeur;bfa;8.1;;auto_assigned_unique_candidate;;1;wowhead-zone:8500;Azeroth > Zandalar > Nazmir;wowhead-zone:8500;Azeroth > Zandalar > Nazmir
1013;Butineuse dos-de-miel;Quête;bfa;8.2.5;;auto_assigned_unique_candidate;;1;wowhead-zone:9042;Azeroth > Kul Tiras > Vallée Chantorage;wowhead-zone:9042;Azeroth > Kul Tiras > Vallée Chantorage
1015;Gris truité;Réputation;bfa;8.0;;auto_assigned_unique_candidate;;1;wowhead-zone:9042;Azeroth > Kul Tiras > Vallée Chantorage;wowhead-zone:9042;Azeroth > Kul Tiras > Vallée Chantorage
1016;Destrier anthracite;Réputation;bfa;8.0;;auto_assigned_unique_candidate;;1;wowhead-zone:8721;Azeroth > Kul Tiras > Drustvar;wowhead-zone:8721;Azeroth > Kul Tiras > Drustvar
1018;Mule de bât terrifiée;à définir;à définir;à définir;;no_candidate;;0;;;;
1019;Crin d’or;Butin;bfa;8.0;;auto_assigned_unique_candidate;;1;wowhead-zone:9042;Azeroth > Kul Tiras > Vallée Chantorage;wowhead-zone:9042;Azeroth > Kul Tiras > Vallée Chantorage
1025;Conscience collective;Secret;bfa;8.1;;no_candidate;;0;;;;
1026;Basilic de guerre vicieux;à définir;à définir;à définir;;no_candidate;;0;;;;
1027;Basilic de guerre vicieux;à définir;à définir;à définir;;no_candidate;;0;;;;
1028;Méca-nabab Mod. II;Ingénierie;bfa;8.0;;no_candidate;;0;;;;
1030;Proto-drake du gladiateur menaçant;Retiré;bfa;8.0;;no_candidate;;0;;;;
1031;Proto-drake du gladiateur sinistre;Retiré;bfa;8.1;;no_candidate;;0;;;;
1032;Proto-drake violet du gladiateur notoire;à définir;à définir;à définir;;no_candidate;;0;;;;
1035;Proto-drake du gladiateur corrompu;Retiré;bfa;8.3;;no_candidate;;0;;;;
1038;Navrecorne zandalari;Haut-fait;bfa;8.1.5;;no_candidate;;0;;;;
1039;Brutosaure de caravane puissant;Vendeur;bfa;8.0;;no_candidate;;0;;;;
1040;Traqueur des tombes;à définir;à définir;à définir;;no_candidate;;0;;;;
1042;Albatros bourbeux;Vendeur;bfa;8.1;;no_candidate;;0;;;;
1043;Kua’fon;Quête;bfa;8.0;;no_candidate;;0;;;;
1044;Loup redoutable mag’har;Haut-fait;bfa;8.0;;no_candidate;;0;;;;
1045;Sabot-fourchu de guerre vicieux;PvP coté;bfa;8.0;;no_candidate;;0;;;;
1046;Bélier sombreforge;Divers;bfa;8.0;;no_candidate;;0;;;;
1047;Bélier forgelaube;Divers;bfa;8.0;;no_candidate;;0;;;;
1048;Chien du magma sombrefer;Haut-fait;bfa;8.0;;no_candidate;;0;;;;
1049;Chauve-souris pestiférée de Fossoyeuse;Retiré;bfa;8.0;;no_candidate;;0;;;;
1050;Potamodonte de guerre vicieux;PvP coté;bfa;8.0;;no_candidate;;0;;;;
1051;Le Noirsillage;Comptoir;bfa;8.0;;no_candidate;;0;;;;
1053;Crogg des tréfonds Putrides;Butin;bfa;8.0;;auto_assigned_unique_candidate;;1;wowhead-zone:8525;Azeroth > Royaumes de l'Est > Les tréfonds Putrides;wowhead-zone:8525;Azeroth > Royaumes de l'Est > Les tréfonds Putrides
1054;Hippogriffe de Teldrassil;à définir;à définir;à définir;;no_candidate;;0;;;;
1057;Serpent de sang de Nazjatar;Secret;bfa;8.0;;auto_assigned_unique_candidate;;1;wowhead-zone:9042;Azeroth > Kul Tiras > Vallée Chantorage;wowhead-zone:9042;Azeroth > Kul Tiras > Vallée Chantorage
1058;Pterreurdactyle cobalt;Réputation;bfa;8.0;;auto_assigned_unique_candidate;;1;wowhead-zone:8499;Azeroth > Zandalar > Zuldazar;wowhead-zone:8499;Azeroth > Zandalar > Zuldazar
1059;Traqueur des marais capturé;Réputation;bfa;8.2;;auto_assigned_unique_candidate;;1;wowhead-zone:8500;Azeroth > Zandalar > Nazmir;wowhead-zone:8500;Azeroth > Zandalar > Nazmir
1060;Rase-dunes volduni;Réputation;bfa;8.2;;auto_assigned_unique_candidate;;1;wowhead-zone:8501;Azeroth > Zandalar > Vol’dun;wowhead-zone:8501;Azeroth > Zandalar > Vol’dun
1061;Grouillante de sang de l’Expédition;Réputation;bfa;8.0;;auto_assigned_unique_candidate;;1;wowhead-zone:8500;Azeroth > Zandalar > Nazmir;wowhead-zone:8500;Azeroth > Zandalar > Nazmir
1062;Griffon sombre des Malvoie;Réputation;bfa;8.2;;auto_assigned_unique_candidate;;1;wowhead-zone:8721;Azeroth > Kul Tiras > Drustvar;wowhead-zone:8721;Azeroth > Kul Tiras > Drustvar
1063;Garde-côte chantorage;Réputation;bfa;8.2;;auto_assigned_unique_candidate;;1;wowhead-zone:9042;Azeroth > Kul Tiras > Vallée Chantorage;wowhead-zone:9042;Azeroth > Kul Tiras > Vallée Chantorage
1064;Éclaireur des mers des Portvaillant;Réputation;bfa;8.2;;auto_assigned_unique_candidate;;1;wowhead-zone:8567;Azeroth > Kul Tiras > Rade de Tiragarde;wowhead-zone:8567;Azeroth > Kul Tiras > Rade de Tiragarde
1166;Raie de la Grande mer;Pêche;bfa;8.0;;no_candidate;;0;;;;
1167;Infernal givréclat;à définir;à définir;à définir;;no_candidate;;0;;;;
1168;Deckstrier flamboyant;Inconnu;dragonflight;10.2.5;;no_candidate;;0;;;;
1169;Méduse des vagues;Exploration des îles;bfa;8.0;;no_candidate;;0;;;;
1172;Falcilusk du conquérant;Haut-fait;bfa;8.0;;no_candidate;;0;;;;
1173;Mustang des hautes-terres dressé;Butin;bfa;8.0;;auto_assigned_unique_candidate;;1;wowhead-zone:45;Azeroth > Royaumes de l'Est > Hautes-terres Arathies;wowhead-zone:45;Azeroth > Royaumes de l'Est > Hautes-terres Arathies
1174;Mustang des hautes-terres;Butin;bfa;8.0;;auto_assigned_unique_candidate;;1;wowhead-zone:45;Azeroth > Royaumes de l'Est > Hautes-terres Arathies;wowhead-zone:45;Azeroth > Royaumes de l'Est > Hautes-terres Arathies
1175;Vengeur du Crépuscule;Exploration des îles;bfa;8.0;;no_candidate;;0;;;;
1176;Bondisseur rochecorne;Exploration des îles;bfa;8.0;;no_candidate;;0;;;;
1178;Molosse éternel de Qinsho;Exploration des îles;bfa;8.0;;no_candidate;;0;;;;
1179;Navrecorne pâle;Vendeur;bfa;8.0;;no_candidate;;0;;;;
1180;Raptor albinos véloce;Butin;bfa;8.0;;auto_assigned_unique_candidate;;1;wowhead-zone:45;Azeroth > Royaumes de l'Est > Hautes-terres Arathies;wowhead-zone:45;Azeroth > Royaumes de l'Est > Hautes-terres Arathies
1182;P’tit âne;Butin;bfa;8.0;;auto_assigned_unique_candidate;;1;wowhead-zone:45;Azeroth > Royaumes de l'Est > Hautes-terres Arathies;wowhead-zone:45;Azeroth > Royaumes de l'Est > Hautes-terres Arathies
1183;Arrache-Crâne;Butin;bfa;8.0;;auto_assigned_unique_candidate;;1;wowhead-zone:45;Azeroth > Royaumes de l'Est > Hautes-terres Arathies;wowhead-zone:45;Azeroth > Royaumes de l'Est > Hautes-terres Arathies
1185;Redoutaile fanécorce;Butin;bfa;8.0;;auto_assigned_unique_candidate;;1;wowhead-zone:45;Azeroth > Royaumes de l'Est > Hautes-terres Arathies;wowhead-zone:45;Azeroth > Royaumes de l'Est > Hautes-terres Arathies
1190;Coursier purecœur;Haut-fait;bfa;8.0;;no_candidate;;0;;;;
1191;Gangreserre frénétique;Haut-fait;bfa;8.0;;no_candidate;;0;;;;
1192;Coursier sangreforge prestigieux;Haut-fait;bfa;8.0;;no_candidate;;0;;;;
1193;Chariot à viande;Promotion Blizzard;bfa;8.1;;no_candidate;;0;;;;
1194;Sabre de guerre blanc vicieux;PvP coté;bfa;8.3;;no_candidate;;0;;;;
1195;Sabre de guerre noir vicieux;PvP coté;bfa;8.1;;no_candidate;;0;;;;
1196;Cheval d’os noir vicieux;PvP coté;bfa;8.1;;no_candidate;;0;;;;
1197;Cheval d’os blanc vicieux;PvP coté;bfa;8.3;;no_candidate;;0;;;;
1198;Destrier de Kul Tiras;Haut-fait;bfa;8.1.5;;no_candidate;;0;;;;
1199;Patte-Noire;Butin;bfa;8.1;;auto_assigned_unique_candidate;;1;wowhead-zone:148;Azeroth > Kalimdor > Sombrivage;wowhead-zone:148;Azeroth > Kalimdor > Sombrivage
1200;Chimère d’Orneval;Butin;bfa;8.1;;auto_assigned_unique_candidate;;1;wowhead-zone:148;Azeroth > Kalimdor > Sombrivage;wowhead-zone:148;Azeroth > Kalimdor > Sombrivage
1201;Kodo effrayé;Butin;bfa;8.1;;auto_assigned_unique_candidate;;1;wowhead-zone:148;Azeroth > Kalimdor > Sombrivage;wowhead-zone:148;Azeroth > Kalimdor > Sombrivage
1203;Sabre-de-nuit acajou;Butin;bfa;8.1;;auto_assigned_unique_candidate;;1;wowhead-zone:148;Azeroth > Kalimdor > Sombrivage;wowhead-zone:148;Azeroth > Kalimdor > Sombrivage
1204;Sabre-de-nuit sable;Vendeur;bfa;8.3;;no_candidate;;0;;;;
1205;Sabre-de-nuit kaldorei;Butin;bfa;8.1;;auto_assigned_unique_candidate;;1;wowhead-zone:148;Azeroth > Kalimdor > Sombrivage;wowhead-zone:148;Azeroth > Kalimdor > Sombrivage
1206;Bondisseuse des marais bleue;Vendeur;bfa;8.1;;auto_assigned_unique_candidate;;1;wowhead-zone:8500;Azeroth > Zandalar > Nazmir;wowhead-zone:8500;Azeroth > Zandalar > Nazmir
1207;Bondisseuse des marais jaune;Vendeur;bfa;8.1;;auto_assigned_unique_candidate;;1;wowhead-zone:8500;Azeroth > Zandalar > Nazmir;wowhead-zone:8500;Azeroth > Zandalar > Nazmir
1208;Hippocampe marin;Vendeur;bfa;8.1;;no_candidate;;0;;;;
1209;Noble-bois peau-roche;Exploration des îles;bfa;8.1;;no_candidate;;0;;;;
1210;Aile de l’effroi assoiffée de sang;Vendeur;bfa;8.1;;no_candidate;;0;;;;
1211;Chasseuse gorgée de sang;Exploration des îles;bfa;8.1;;no_candidate;;0;;;;
1212;Écailles-de-tonnerre insulaire;Exploration des îles;bfa;8.1;;no_candidate;;0;;;;
1213;Jument ressuscitée;Exploration des îles;bfa;8.1;;no_candidate;;0;;;;
1214;Krolusk azurécaille;Vendeur;bfa;8.1;;no_candidate;;0;;;;
1215;Krolusk rubécaille;Vendeur;bfa;8.1;;no_candidate;;0;;;;
1216;Sabre-de-lune de prêtresse;Vendeur;bfa;8.1;;no_candidate;;0;;;;
1217;M.E.G.A.;Butin;bfa;8.1;;no_candidate;;0;;;;
1218;Saccage-vent de Dazar’alor;Haut-fait;bfa;8.1;;no_candidate;;0;;;;
1219;Vaguerage glaciaire;Butin;bfa;8.1;;no_candidate;;0;;;;
1220;Bruce;Retiré;bfa;8.1.5;;no_candidate;;0;;;;
1221;Gorus, cochon porte-bonheur;Boutique;bfa;8.1;;no_candidate;;0;;;;
1222;Familier vulpin;Boutique;bfa;8.1;;no_candidate;;0;;;;
1223;Rêveur sylvestre;Boutique;bfa;8.2;;no_candidate;;0;;;;
1224;Mervaile 2.0;Haut-fait;bfa;8.2;;no_candidate;;0;;;;
1225;Navrecorne de croisé;Divers;bfa;8.1.5;;no_candidate;;0;;;;
1227;Unité aérienne R-21/X;Butin;bfa;8.2;;no_candidate;;0;;;;
1229;Mécaraignée rouillée;Butin;bfa;8.2;;no_candidate;;0;;;;
1230;Raie des vagues des Affranchis;Réputation;bfa;8.2;;no_candidate;;0;;;;
1231;Raie des vagues ankoïenne;Réputation;bfa;8.2;;no_candidate;;0;;;;
1232;Raie boursouflée azshari;Haut-fait;bfa;8.2;;no_candidate;;0;;;;
1237;Mordragon royal;Réputation;bfa;8.2;;no_candidate;;0;;;;
1238;Carapateur claquedos;Haut-fait;bfa;8.2;;no_candidate;;0;;;;
1239;Mécanotigre X-995;à définir;à définir;à définir;;no_candidate;;0;;;;
1240;Brise-monde d’obsidienne;Retiré;bfa;8.2.5;;no_candidate;;0;;;;
1242;Défense-de-Fer de seigneur des bêtes;Vendeur;bfa;8.1.5;;no_candidate;;0;;;;
1243;Loup de guerre de seigneur des bêtes;Vendeur;bfa;8.1.5;;no_candidate;;0;;;;
1245;Destrier robe-sanglante;Haut-fait;bfa;8.1.5;;no_candidate;;0;;;;
1246;Griffe-de-givre cuirassé;Haut-fait;bfa;8.1.5;;no_candidate;;0;;;;
1247;Mécacycle modèle W;à définir;à définir;à définir;;no_candidate;;0;;;;
1248;Dériveur de la Décharge;à définir;à définir;à définir;;no_candidate;;0;;;;
1249;Petit de Torcali;Quête;bfa;8.2;;no_candidate;;0;;;;
1250;Mollie;à définir;à définir;à définir;;no_candidate;;0;;;;
1252;Garde-paix de Mécagone;Butin;bfa;8.2;;no_candidate;;0;;;;
1253;Mécaraignée forgeferraille;Quête;bfa;8.2;;no_candidate;;0;;;;
1254;Assemblage de Mécarouille;Réputation;bfa;8.2;;no_candidate;;0;;;;
1255;Mordragon des fonds coralliens;Quête;bfa;8.2;;no_candidate;;0;;;;
1256;Mordragon de varech;Quête;bfa;8.2;;no_candidate;;0;;;;
1257;Onduleuse silencieuse;Butin;bfa;8.2;;no_candidate;;0;;;;
1258;Fabulicieux;Secret;bfa;8.2;;no_candidate;;0;;;;
1259;Étalon des marées argenté;Vendeur;dragonflight;10.2.6;;no_candidate;;0;;;;
1260;Étalon des marées cramoisi;Vendeur;bfa;8.2;;no_candidate;;0;;;;
1262;Traqueur obscur des profondeurs;Vendeur;bfa;8.2;;no_candidate;;0;;;;
1265;Aile-du-Vide non corrompue;Retiré;bfa;8.3;;no_candidate;;0;;;;
1266;Serre-tempête d’albâtre;Comptoir;bfa;8.2;;no_candidate;;0;;;;
1267;Aile-tonnerre d’albâtre;Comptoir;bfa;8.2;;no_candidate;;0;;;;
1269;Raie pélagique spectrale rapide;à définir;à définir;à définir;;no_candidate;;0;;;;
1270;Magnétonef spectrale rapide;à définir;à définir;à définir;;no_candidate;;0;;;;
1271;Griffon spectral rapide cuirassé;à définir;à définir;à définir;;no_candidate;;0;;;;
1272;Pterreurdactyle spectral rapide;à définir;à définir;à définir;;no_candidate;;0;;;;
1277;Reine de l’essaim dos-de-miel;à définir;à définir;à définir;;no_candidate;;0;;;;
1282;Serpent noir de N’Zoth;Haut-fait;bfa;8.3;;no_candidate;;0;;;;
1283;Mécanotrotteur de Mécagone;Haut-fait;bfa;8.3;;no_candidate;;0;;;;
1285;Grogneur loup-de-givre;Anniversaire de WoW;bfa;8.2.5;;no_candidate;;0;;;;
1286;Hyène de caravane;Haut-fait;bfa;8.3;;no_candidate;;0;;;;
1287;Gyrocoptère de safari d’explorateur;Promotion Blizzard;bfa;8.2.5;;no_candidate;;0;;;;
1288;Marcheur des dunes d’explorateur;Promotion Blizzard;bfa;8.2.5;;no_candidate;;0;;;;
1289;Wyrm éternel ensorcelé;Boutique;bfa;8.3;;no_candidate;;0;;;;
1290;Couineur l’entourloupeur;Boutique;bfa;8.3;;no_candidate;;0;;;;
1291;Yun porte-bonheur;Boutique;shadowlands;9.0;;no_candidate;;0;;;;
1292;Bélier de combat foudrepique;Anniversaire de WoW;bfa;8.2.5;;no_candidate;;0;;;;
1293;Omnivoyant de Ny’alotha;Butin;bfa;8.3;;no_candidate;;0;;;;
1297;Couvée de Ha Li;Butin;bfa;8.3;;auto_assigned_unique_candidate;;1;wowhead-zone:5840;Azeroth > Pandarie > Val de l’Éternel printemps;wowhead-zone:5840;Azeroth > Pandarie > Val de l’Éternel printemps
1298;Gargon Brise-Espoir;Congrégation;shadowlands;9.0;;auto_assigned_unique_candidate;;1;wowhead-zone:10413;Ombreterre > Ombreterre > Revendreth;wowhead-zone:10413;Ombreterre > Ombreterre > Revendreth
1299;Gargon de bataille Vrednic;à définir;à définir;à définir;;no_candidate;;0;;;;
1302;Cerf runique lumerêve;Quête;shadowlands;9.0;;no_candidate;;0;;;;
1303;Cerf runique lumerêve enchanté;Quête;shadowlands;9.0;;no_candidate;;0;;;;
1304;Chasseur d’âmes antrelige;Butin;shadowlands;9.0;;no_candidate;;0;;;;
1305;Durécaille sombre-terrier;Congrégation;shadowlands;9.0;;no_candidate;;0;;;;
1306;Sabot-sinistre rapide;Secret;shadowlands;9.0;;auto_assigned_unique_candidate;;1;wowhead-zone:11510;Ombreterre > Ombreterre > Sylvarden;wowhead-zone:11510;Ombreterre > Ombreterre > Sylvarden
1307;Danse-Soleil;Butin;shadowlands;9.0;;no_candidate;;0;;;;
1309;Animacarus cliquetant;Congrégation;shadowlands;9.0;;no_candidate;;0;;;;
1310;Aile de l’effroi horrible;Congrégation;shadowlands;9.0;;auto_assigned_unique_candidate;;1;wowhead-zone:10413;Ombreterre > Ombreterre > Revendreth;wowhead-zone:10413;Ombreterre > Ombreterre > Revendreth
1311;Serpent-nuage ivoire;Butin;bfa;8.3;;auto_assigned_unique_candidate;;1;wowhead-zone:5840;Azeroth > Pandarie > Val de l’Éternel printemps;wowhead-zone:5840;Azeroth > Pandarie > Val de l’Éternel printemps
1312;Grrloc gargantuesque;Retiré;dragonflight;10.0;;no_candidate;;0;;;;
1313;Serpent de guerre rajani;Butin;bfa;8.3;;auto_assigned_unique_candidate;;1;wowhead-zone:5840;Azeroth > Pandarie > Val de l’Éternel printemps;wowhead-zone:5840;Azeroth > Pandarie > Val de l’Éternel printemps
1314;Drake des quatre vents;Butin;bfa;8.3;;auto_assigned_unique_candidate;;1;wowhead-zone:5034;Azeroth > Kalimdor > Uldum;wowhead-zone:5034;Azeroth > Kalimdor > Uldum
1315;Mâche-Courrier;Butin;bfa;8.3;;no_candidate;;0;;;;
1317;Maraudeur du désert;Butin;bfa;8.3;;auto_assigned_unique_candidate;;1;wowhead-zone:5034;Azeroth > Kalimdor > Uldum;wowhead-zone:5034;Azeroth > Kalimdor > Uldum
1318;Terreur-du-ciel bat-le-désert;Réputation;bfa;8.3;;no_candidate;;0;;;;
1319;Bourdon malveillant;Butin;bfa;8.3;;auto_assigned_unique_candidate;;1;wowhead-zone:5034;Azeroth > Kalimdor > Uldum;wowhead-zone:5034;Azeroth > Kalimdor > Uldum
1320;Bourdon barbillombre;Quête;bfa;8.3;;auto_assigned_unique_candidate;;1;wowhead-zone:5034;Azeroth > Kalimdor > Uldum;wowhead-zone:5034;Azeroth > Kalimdor > Uldum
1321;Grouillant malfaisant;Vendeur;bfa;8.3;;no_candidate;;0;;;;
1322;Parasite frétillant;Haut-fait;bfa;8.3;;no_candidate;;0;;;;
1324;Vif-sabot insaisissable;Butin;bfa;8.3;;auto_assigned_unique_candidate;;1;wowhead-zone:8501;Azeroth > Zandalar > Vol’dun;wowhead-zone:8501;Azeroth > Zandalar > Vol’dun
1326;Taraudeur éveillé;Retiré;bfa;8.3;;no_candidate;;0;;;;
1327;Fidèle quilen de Ren;Butin;bfa;8.3;;auto_assigned_unique_candidate;;1;wowhead-zone:5840;Azeroth > Pandarie > Val de l’Éternel printemps;wowhead-zone:5840;Azeroth > Pandarie > Val de l’Éternel printemps
1328;Xinlao;Butin;bfa;8.3;;auto_assigned_unique_candidate;;1;wowhead-zone:5840;Azeroth > Pandarie > Val de l’Éternel printemps;wowhead-zone:5840;Azeroth > Pandarie > Val de l’Éternel printemps
1329;Alpaga toison-vernale;Quête;bfa;8.3;;auto_assigned_unique_candidate;;1;wowhead-zone:5034;Azeroth > Kalimdor > Uldum;wowhead-zone:5034;Azeroth > Kalimdor > Uldum
1330;Féligre mordoré;Boutique;shadowlands;9.1;;no_candidate;;0;;;;
1332;Phaluisant soyeux;Vendeur;shadowlands;9.0;;auto_assigned_unique_candidate;;1;wowhead-zone:11510;Ombreterre > Ombreterre > Sylvarden;wowhead-zone:11510;Ombreterre > Ombreterre > Sylvarden
1346;Incinérateur fumécaille;Boutique;bfa;8.3;;no_candidate;;0;;;;
1350;Fauche-griffe colossal;Réputation;shadowlands;9.0;;auto_assigned_unique_candidate;;1;wowhead-zone:11462;Ombreterre > Ombreterre > Maldraxxus;wowhead-zone:11462;Ombreterre > Ombreterre > Maldraxxus
1351;Araignée de guerre vicieuse;à définir;à définir;à définir;;no_candidate;;0;;;;
1352;Araignée de guerre vicieuse;à définir;à définir;à définir;;no_candidate;;0;;;;
1354;Cerf runique sombrefeuille;Congrégation;shadowlands;9.0;;auto_assigned_unique_candidate;;1;wowhead-zone:11510;Ombreterre > Ombreterre > Sylvarden;wowhead-zone:11510;Ombreterre > Ombreterre > Sylvarden
1355;Cerf runique d’éveilleur;Congrégation;shadowlands;9.0;;no_candidate;;0;;;;
1356;Cerf runique des frimas;Réputation;shadowlands;9.0;;no_candidate;;0;;;;
1357;Cerf runique sombrefeuille enchanté;Congrégation;shadowlands;9.0;;auto_assigned_unique_candidate;;1;wowhead-zone:11510;Ombreterre > Ombreterre > Sylvarden;wowhead-zone:11510;Ombreterre > Ombreterre > Sylvarden
1358;Cerf runique d’éveilleur enchanté;Congrégation;shadowlands;9.0;;no_candidate;;0;;;;
1359;Cerf runique des frimas enchanté;Réputation;shadowlands;9.0;;no_candidate;;0;;;;
1360;Coureur halo-de-brume;Butin;shadowlands;9.0;;auto_assigned_unique_candidate;;1;wowhead-zone:11510;Ombreterre > Ombreterre > Sylvarden;wowhead-zone:11510;Ombreterre > Ombreterre > Sylvarden
1361;Phalarden bruissenuit;Réputation;shadowlands;9.0;;auto_assigned_unique_candidate;;1;wowhead-zone:11510;Ombreterre > Ombreterre > Sylvarden;wowhead-zone:11510;Ombreterre > Ombreterre > Sylvarden
1362;Mâche-prairie gueule-épine;Butin;shadowlands;9.0;;auto_assigned_unique_candidate;;1;wowhead-zone:11510;Ombreterre > Ombreterre > Sylvarden;wowhead-zone:11510;Ombreterre > Ombreterre > Sylvarden
1363;Mangeur d’âmes du gladiateur impénitent;à définir;à définir;à définir;;no_candidate;;0;;;;
1364;Tauralus dressé au combat;Quête;shadowlands;9.0;;no_candidate;;0;;;;
1365;Tauralus peste-putride;Congrégation;shadowlands;9.0;;auto_assigned_unique_candidate;;1;wowhead-zone:11462;Ombreterre > Ombreterre > Maldraxxus;wowhead-zone:11462;Ombreterre > Ombreterre > Maldraxxus
1366;Tauralus sabot-d’os;Congrégation;shadowlands;9.0;;auto_assigned_unique_candidate;;1;wowhead-zone:11462;Ombreterre > Ombreterre > Maldraxxus;wowhead-zone:11462;Ombreterre > Ombreterre > Maldraxxus
1367;Tauralus élu;Congrégation;shadowlands;9.0;;no_candidate;;0;;;;
1368;Tauralus cuirassé dressé au combat;Quête;shadowlands;9.0;;auto_assigned_unique_candidate;;1;wowhead-zone:11462;Ombreterre > Ombreterre > Maldraxxus;wowhead-zone:11462;Ombreterre > Ombreterre > Maldraxxus
1369;Tauralus peste-putride cuirassé;Congrégation;shadowlands;9.0;;auto_assigned_unique_candidate;;1;wowhead-zone:11462;Ombreterre > Ombreterre > Maldraxxus;wowhead-zone:11462;Ombreterre > Ombreterre > Maldraxxus
1370;Tauralus sabot-d’os cuirassé;Congrégation;shadowlands;9.0;;auto_assigned_unique_candidate;;1;wowhead-zone:11462;Ombreterre > Ombreterre > Maldraxxus;wowhead-zone:11462;Ombreterre > Ombreterre > Maldraxxus
1371;Tauralus élu cuirassé;Congrégation;shadowlands;9.0;;no_candidate;;0;;;;
1372;Défenses-de-sang cloquéchine;Butin;shadowlands;9.0;;auto_assigned_unique_candidate;;1;wowhead-zone:11462;Ombreterre > Ombreterre > Maldraxxus;wowhead-zone:11462;Ombreterre > Ombreterre > Maldraxxus
1373;Tripépine;Butin;shadowlands;9.0;;auto_assigned_unique_candidate;;1;wowhead-zone:11462;Ombreterre > Ombreterre > Maldraxxus;wowhead-zone:11462;Ombreterre > Ombreterre > Maldraxxus
1374;Céphalochère de l’Ostéoclaste;Vendeur;warWithin;11.2.7;;no_candidate;;0;;;;
1375;Défenses-de-sang macabre;Réputation;shadowlands;9.0;;auto_assigned_unique_candidate;;1;wowhead-zone:11462;Ombreterre > Ombreterre > Maldraxxus;wowhead-zone:11462;Ombreterre > Ombreterre > Maldraxxus
1376;Aile de l’effroi à pointe d’argent;Congrégation;shadowlands;9.0;;auto_assigned_unique_candidate;;1;wowhead-zone:13329;Ombreterre > Ombreterre > Revendreth > Cour des Braises;wowhead-zone:13329;Ombreterre > Ombreterre > Revendreth > Cour des Braises
1377;Hurleuse des remparts;Haut-fait;shadowlands;9.0;;no_candidate;;0;;;;
1378;Aile de l’effroi du moissonneur;à définir;à définir;à définir;;no_candidate;;0;;;;
1379;Volant du marais des Affres;à définir;à définir;à définir;;no_candidate;;0;;;;
1382;Gargon de l’inquisition;Réputation;shadowlands;9.0;;no_candidate;;0;;;;
1384;Gargon de Tombe-Vice;Congrégation;shadowlands;9.0;;auto_assigned_unique_candidate;;1;wowhead-zone:10413;Ombreterre > Ombreterre > Revendreth;wowhead-zone:10413;Ombreterre > Ombreterre > Revendreth
1385;Gargon des cryptes;Quête;shadowlands;9.0;;no_candidate;;0;;;;
1387;Gargon de bataille de Désir;Congrégation;shadowlands;9.0;;no_candidate;;0;;;;
1388;Gargon de bataille en pierre tombale;à définir;à définir;à définir;;no_candidate;;0;;;;
1389;Gargon de bataille Silessa;à définir;à définir;à définir;;no_candidate;;0;;;;
1391;Goinfre loyal;Butin;shadowlands;9.0;;auto_assigned_unique_candidate;;1;wowhead-zone:10413;Ombreterre > Ombreterre > Revendreth;wowhead-zone:10413;Ombreterre > Ombreterre > Revendreth
1392;Gueule-d’acide blafard;Congrégation;shadowlands;9.0;;auto_assigned_unique_candidate;;1;wowhead-zone:13329;Ombreterre > Ombreterre > Revendreth > Cour des Braises;wowhead-zone:13329;Ombreterre > Ombreterre > Revendreth > Cour des Braises
1393;Rôdeur mantelume sauvage;Congrégation;shadowlands;9.0;;auto_assigned_unique_candidate;;1;wowhead-zone:11510;Ombreterre > Ombreterre > Sylvarden;wowhead-zone:11510;Ombreterre > Ombreterre > Sylvarden
1394;Phalynx de loyauté;Congrégation;shadowlands;9.0;;no_candidate;;0;;;;
1395;Phalynx d’humilité;Congrégation;shadowlands;9.0;;no_candidate;;0;;;;
1396;Phalynx de courage;Quête;shadowlands;9.0;;no_candidate;;0;;;;
1397;Cocon à graine sauvage;Butin;shadowlands;9.0;;auto_assigned_unique_candidate;;1;wowhead-zone:11510;Ombreterre > Ombreterre > Sylvarden;wowhead-zone:11510;Ombreterre > Ombreterre > Sylvarden
1398;Phalynx de pureté;Congrégation;shadowlands;9.0;;no_candidate;;0;;;;
1399;Phalynx éternel de pureté;Congrégation;shadowlands;9.0;;no_candidate;;0;;;;
1400;Phalynx éternel de courage;Quête;shadowlands;9.0;;no_candidate;;0;;;;
1401;Phalynx éternel de loyauté;Congrégation;shadowlands;9.0;;no_candidate;;0;;;;
1402;Phalynx éternel d’humilité;Congrégation;shadowlands;9.0;;no_candidate;;0;;;;
1404;Volion vent-d’argent;Secret;shadowlands;9.0;;no_candidate;;0;;;;
1405;Marche-mort Restauration;Haut-fait;shadowlands;9.2.5;;no_candidate;;0;;;;
1406;Croc-de-Moelle;Butin;shadowlands;9.0;;no_candidate;;0;;;;
1407;Aile-écorchée malhabile;à définir;à définir;à définir;;no_candidate;;0;;;;
1408;Aile-écorchée repoussante;Congrégation;shadowlands;9.0;;auto_assigned_unique_candidate;;1;wowhead-zone:13329;Ombreterre > Ombreterre > Revendreth > Cour des Braises;wowhead-zone:13329;Ombreterre > Ombreterre > Revendreth > Cour des Braises
1409;Carneroc suture-os;Congrégation;shadowlands;9.0;;no_candidate;;0;;;;
1410;Rocmort massif;à définir;à définir;à définir;;no_candidate;;0;;;;
1411;Pesteroc prédateur;Congrégation;shadowlands;9.0;;auto_assigned_unique_candidate;;1;wowhead-zone:11462;Ombreterre > Ombreterre > Maldraxxus;wowhead-zone:11462;Ombreterre > Ombreterre > Maldraxxus
1413;Coursenuit intrépide;Congrégation;shadowlands;9.0;;auto_assigned_unique_candidate;;1;wowhead-zone:13329;Ombreterre > Ombreterre > Revendreth > Cour des Braises;wowhead-zone:13329;Ombreterre > Ombreterre > Revendreth > Cour des Braises
1414;Vicéquin Blanchette;à définir;à définir;à définir;;no_candidate;;0;;;;
1415;Gobeur arboricole;Butin;shadowlands;9.0;;auto_assigned_unique_candidate;;1;wowhead-zone:11510;Ombreterre > Ombreterre > Sylvarden;wowhead-zone:11510;Ombreterre > Ombreterre > Sylvarden
1416;Destrier antrelige;Haut-fait;shadowlands;9.1;;no_candidate;;0;;;;
1417;Main d’Hrestimorak;à définir;à définir;à définir;;no_candidate;;0;;;;
1419;Marche-mort touché par le vice;Haut-fait;shadowlands;9.0;;no_candidate;;0;;;;
1420;Fauche-corne ombreux;Réputation;shadowlands;9.0;;no_candidate;;0;;;;
1421;Vicéquin de la cour;Réputation;shadowlands;9.0;;no_candidate;;0;;;;
1422;Sombredogue suture-de-guerre;Congrégation;shadowlands;9.0;;no_candidate;;0;;;;
1423;Sombre-crin haut-vent;Congrégation;shadowlands;9.0;;no_candidate;;0;;;;
1424;Polaris;Retiré;shadowlands;9.0;;no_candidate;;0;;;;
1425;Rôdeur doré;Réputation;shadowlands;9.0;;no_candidate;;0;;;;
1426;Crin-de-Ciel transcendé;Butin;shadowlands;9.0;;no_candidate;;0;;;;
1428;Phalarden ambré;Réputation;shadowlands;9.0;;auto_assigned_unique_candidate;;1;wowhead-zone:11510;Ombreterre > Ombreterre > Sylvarden;wowhead-zone:11510;Ombreterre > Ombreterre > Sylvarden
1429;Bruissaile éclatante;Réputation;shadowlands;9.0;;no_candidate;;0;;;;
1430;Chasseur aile-du-désert;Butin;shadowlands;9.2;;auto_assigned_unique_candidate;;1;wowhead-zone:13536;Ombreterre > Ombreterre > Zereth Mortis;wowhead-zone:13536;Ombreterre > Ombreterre > Zereth Mortis
1431;Cervidé régalien pâle;Butin;shadowlands;9.2;;auto_assigned_unique_candidate;;1;wowhead-zone:13536;Ombreterre > Ombreterre > Zereth Mortis;wowhead-zone:13536;Ombreterre > Ombreterre > Zereth Mortis
1433;Virevolteuse vespoïdée;Butin;shadowlands;9.2;;auto_assigned_unique_candidate;;1;wowhead-zone:13536;Ombreterre > Ombreterre > Zereth Mortis;wowhead-zone:13536;Ombreterre > Ombreterre > Zereth Mortis
1434;Aurélidé stellaire des profondeurs;à définir;à définir;à définir;;no_candidate;;0;;;;
1436;Aquilon chevronné;Vendeur;shadowlands;9.1;;auto_assigned_unique_candidate;;1;wowhead-zone:13570;Ombreterre > Ombreterre > Korthia;wowhead-zone:13570;Ombreterre > Ombreterre > Korthia
1437;Chien de guerre lié par le combat;Butin;shadowlands;9.0;;auto_assigned_unique_candidate;;1;wowhead-zone:11462;Ombreterre > Ombreterre > Maldraxxus;wowhead-zone:11462;Ombreterre > Ombreterre > Maldraxxus
1438;Nécroraie bulbeuse;Butin;shadowlands;9.0;;no_candidate;;0;;;;
1439;Nécroraie infestée;Butin;shadowlands;9.0;;no_candidate;;0;;;;
1440;Nécroraie pestilentielle;Butin;shadowlands;9.0;;no_candidate;;0;;;;
1441;Molosse d’ombre lié;à définir;à définir;à définir;;no_candidate;;0;;;;
1442;Rôdeurs des couloirs;à définir;à définir;à définir;;no_candidate;;0;;;;
1443;Goinfre vorace;Haut-fait;shadowlands;9.0;;no_candidate;;0;;;;
1444;Chasseur-phasique viridien;Retiré;shadowlands;9.0.5;;no_candidate;;0;;;;
1445;Serpent visqueux;Secret;shadowlands;9.0;;auto_assigned_unique_candidate;;1;wowhead-zone:11462;Ombreterre > Ombreterre > Maldraxxus;wowhead-zone:11462;Ombreterre > Ombreterre > Maldraxxus
1446;Mécaplaneur de Tazavesh;Haut-fait;shadowlands;9.1;;no_candidate;;0;;;;
1448;Sérénade;Butin;shadowlands;9.2;;auto_assigned_unique_candidate;;1;wowhead-zone:13536;Ombreterre > Ombreterre > Zereth Mortis;wowhead-zone:13536;Ombreterre > Ombreterre > Zereth Mortis
1449;Seigneur des mouches nécrophages;Butin;shadowlands;9.1;;auto_assigned_unique_candidate;;1;wowhead-zone:13570;Ombreterre > Ombreterre > Korthia;wowhead-zone:13570;Ombreterre > Ombreterre > Korthia
1450;Rasaile jaillissante;Réputation;shadowlands;9.1;;auto_assigned_unique_candidate;;1;wowhead-zone:13570;Ombreterre > Ombreterre > Korthia;wowhead-zone:13570;Ombreterre > Ombreterre > Korthia
1451;Coasseur de guerre vicieux;à définir;à définir;à définir;;no_candidate;;0;;;;
1452;Coasseur de guerre vicieux;à définir;à définir;à définir;;no_candidate;;0;;;;
1454;Marteleur apprivoisé;Réputation;shadowlands;9.1;;auto_assigned_unique_candidate;;1;wowhead-zone:13570;Ombreterre > Ombreterre > Korthia;wowhead-zone:13570;Ombreterre > Ombreterre > Korthia
1455;Cuirasaure de béryl;Réputation;shadowlands;9.1;;auto_assigned_unique_candidate;;1;wowhead-zone:13570;Ombreterre > Ombreterre > Korthia;wowhead-zone:13570;Ombreterre > Ombreterre > Korthia
1456;Flambeciel saphir;Boutique;shadowlands;9.1;;no_candidate;;0;;;;
1458;Ancien vagabond;Promotion Blizzard;shadowlands;9.0.5;;no_candidate;;0;;;;
1459;Gorm de guerre vicieux;à définir;à définir;à définir;;no_candidate;;0;;;;
1460;Gorm de guerre vicieux;à définir;à définir;à définir;;no_candidate;;0;;;;
1465;Traqueur de guerre vicieux;à définir;à définir;à définir;;no_candidate;;0;;;;
1466;Traqueur de guerre vicieux;à définir;à définir;à définir;;no_candidate;;0;;;;
1467;Bruffalon distingué;Vendeur;dragonflight;10.0.7;;auto_assigned_unique_candidate;;1;wowhead-zone:14433;Azeroth > Îles aux Dragons > Confins Interdits;wowhead-zone:14433;Azeroth > Îles aux Dragons > Confins Interdits
1468;Libellonne ambrée;Comptoir;dragonflight;10.2.7;;no_candidate;;0;;;;
1469;Magmargot;Secret;dragonflight;10.0;;auto_assigned_unique_candidate;;1;wowhead-zone:13644;Azeroth > Îles aux Dragons > Rivages de l’Éveil;wowhead-zone:13644;Azeroth > Îles aux Dragons > Rivages de l’Éveil
1471;Vengeance;à définir;à définir;à définir;;no_candidate;;0;;;;
1474;Chef de meute échine-de-tonnerre conféré;Haut-fait;dragonflight;10.2.6;;no_candidate;;0;;;;
1475;Main de Bahmethra;à définir;à définir;à définir;;no_candidate;;0;;;;
1476;Tranche-pattes de l’Hallali;à définir;à définir;à définir;;no_candidate;;0;;;;
1477;Sombredogue immortel;Butin;shadowlands;9.1;;no_candidate;;0;;;;
1478;Trotte-bois cérulé;Vendeur;dragonflight;10.0.5;;no_candidate;;0;;;;
1480;Mangeur d’âmes du gladiateur déchaîné;à définir;à définir;à définir;;no_candidate;;0;;;;
1481;Mécaplaneur de maître de cartel;Butin;shadowlands;9.1;;no_candidate;;0;;;;
1482;Mécaplaneur d’agent Xy;Secret;warWithin;11.2;;no_candidate;;0;;;;
1483;Mécaplaneur de vandale;Réputation;warWithin;11.2;;auto_assigned_unique_candidate;;1;wowhead-zone:15336;Azeroth > Khaz Algar > K’aresh;wowhead-zone:15336;Azeroth > Khaz Algar > K’aresh
1484;Lycodrac de Sylvarden;Congrégation;shadowlands;9.1;;auto_assigned_unique_candidate;;1;wowhead-zone:11510;Ombreterre > Ombreterre > Sylvarden;wowhead-zone:11510;Ombreterre > Ombreterre > Sylvarden
1485;Lycodrac automnal;Congrégation;shadowlands;9.1;;auto_assigned_unique_candidate;;1;wowhead-zone:11510;Ombreterre > Ombreterre > Sylvarden;wowhead-zone:11510;Ombreterre > Ombreterre > Sylvarden
1486;Lycodrac hivernal;Vendeur;shadowlands;9.1;;auto_assigned_unique_candidate;;1;wowhead-zone:13570;Ombreterre > Ombreterre > Korthia;wowhead-zone:13570;Ombreterre > Ombreterre > Korthia
1487;Lycodrac estival;Butin;shadowlands;9.1;;auto_assigned_unique_candidate;;1;wowhead-zone:13570;Ombreterre > Ombreterre > Korthia;wowhead-zone:13570;Ombreterre > Ombreterre > Korthia
1489;Tombaile d’obsidienne;Congrégation;shadowlands;9.1;;auto_assigned_unique_candidate;;1;wowhead-zone:10413;Ombreterre > Ombreterre > Revendreth;wowhead-zone:10413;Ombreterre > Ombreterre > Revendreth
1490;Tombaile de Tombe-Vice;Congrégation;shadowlands;9.1;;auto_assigned_unique_candidate;;1;wowhead-zone:10413;Ombreterre > Ombreterre > Revendreth;wowhead-zone:10413;Ombreterre > Ombreterre > Revendreth
1491;Tombaile pâle;Vendeur;shadowlands;9.1;;auto_assigned_unique_candidate;;1;wowhead-zone:13570;Ombreterre > Ombreterre > Korthia;wowhead-zone:13570;Ombreterre > Ombreterre > Korthia
1492;Aquilon élyséen;Congrégation;shadowlands;9.1;;no_candidate;;0;;;;
1493;Aquilon désavoué;Butin;shadowlands;9.1;;auto_assigned_unique_candidate;;1;wowhead-zone:13570;Ombreterre > Ombreterre > Korthia;wowhead-zone:13570;Ombreterre > Ombreterre > Korthia
1494;Aquilon de l’ascendant;Congrégation;shadowlands;9.1;;no_candidate;;0;;;;
1495;Mouche nécrophage maldraxxi;Congrégation;shadowlands;9.1;;auto_assigned_unique_candidate;;1;wowhead-zone:11462;Ombreterre > Ombreterre > Maldraxxus;wowhead-zone:11462;Ombreterre > Ombreterre > Maldraxxus
1496;Mouche nécrophage royale;Congrégation;shadowlands;9.1;;auto_assigned_unique_candidate;;1;wowhead-zone:11462;Ombreterre > Ombreterre > Maldraxxus;wowhead-zone:11462;Ombreterre > Ombreterre > Maldraxxus
1497;Diptère de guerre;Vendeur;shadowlands;9.1;;auto_assigned_unique_candidate;;1;wowhead-zone:13570;Ombreterre > Ombreterre > Korthia;wowhead-zone:13570;Ombreterre > Ombreterre > Korthia
1500;Destrier sinistre du sanctum;Butin;shadowlands;9.1;;no_candidate;;0;;;;
1501;Destrier sinistre lié;Réputation;shadowlands;9.1;;no_candidate;;0;;;;
1502;Destrier déchu;Butin;shadowlands;9.1;;no_candidate;;0;;;;
1503;Main de Nilganihmaht;à définir;à définir;à définir;;no_candidate;;0;;;;
1504;Main de Salaranga;à définir;à définir;à définir;;no_candidate;;0;;;;
1505;Cuirasaure ambré;Réputation;shadowlands;9.1;;auto_assigned_unique_candidate;;1;wowhead-zone:13570;Ombreterre > Ombreterre > Korthia;wowhead-zone:13570;Ombreterre > Ombreterre > Korthia
1506;Cuirasaure écarlate;Butin;shadowlands;9.1;;auto_assigned_unique_candidate;;1;wowhead-zone:13570;Ombreterre > Ombreterre > Korthia;wowhead-zone:13570;Ombreterre > Ombreterre > Korthia
1507;Sombres-griffes;Butin;shadowlands;9.1;;auto_assigned_unique_candidate;;1;wowhead-zone:13570;Ombreterre > Ombreterre > Korthia;wowhead-zone:13570;Ombreterre > Ombreterre > Korthia
1508;Rasaile féroce;Réputation;shadowlands;9.1;;auto_assigned_unique_candidate;;1;wowhead-zone:13570;Ombreterre > Ombreterre > Korthia;wowhead-zone:13570;Ombreterre > Ombreterre > Korthia
1509;Rasaile grenat;Butin;shadowlands;9.1;;auto_assigned_unique_candidate;;1;wowhead-zone:13570;Ombreterre > Ombreterre > Korthia;wowhead-zone:13570;Ombreterre > Ombreterre > Korthia
1510;Rasaile de Lumière-du-Soir;Butin;shadowlands;9.1;;auto_assigned_unique_candidate;;1;wowhead-zone:13570;Ombreterre > Ombreterre > Korthia;wowhead-zone:13570;Ombreterre > Ombreterre > Korthia
1511;Maélie la Vagabonde;à définir;à définir;à définir;;no_candidate;;0;;;;
1513;Histoire de Sergent;Promotion Blizzard;shadowlands;9.1;;no_candidate;;0;;;;
1514;Mutilateur enragé;Butin;shadowlands;9.1;;auto_assigned_unique_candidate;;1;wowhead-zone:13570;Ombreterre > Ombreterre > Korthia;wowhead-zone:13570;Ombreterre > Ombreterre > Korthia
1517;Blizzard lié;Boutique;dragonflight;10.1.7;;no_candidate;;0;;;;
1520;Marche-mort âme-distordue;Haut-fait;shadowlands;9.1;;no_candidate;;0;;;;
1521;Hippogriffe de Val’sharah;à définir;à définir;à définir;;no_candidate;;0;;;;
1522;Vombata cœur-léger;à définir;à définir;à définir;;no_candidate;;0;;;;
1523;Flaire-cristaux curieux;Butin;shadowlands;9.2;;auto_assigned_unique_candidate;;1;wowhead-zone:13536;Ombreterre > Ombreterre > Zereth Mortis;wowhead-zone:13536;Ombreterre > Ombreterre > Zereth Mortis
1524;Vombata assombri;Butin;shadowlands;9.2;;auto_assigned_unique_candidate;;1;wowhead-zone:13536;Ombreterre > Ombreterre > Zereth Mortis;wowhead-zone:13536;Ombreterre > Ombreterre > Zereth Mortis
1525;Vombata décoré;Butin;shadowlands;9.2;;auto_assigned_unique_candidate;;1;wowhead-zone:13536;Ombreterre > Ombreterre > Zereth Mortis;wowhead-zone:13536;Ombreterre > Ombreterre > Zereth Mortis
1526;Coursemort;Butin;shadowlands;9.2;;auto_assigned_unique_candidate;;1;wowhead-zone:13536;Ombreterre > Ombreterre > Zereth Mortis;wowhead-zone:13536;Ombreterre > Ombreterre > Zereth Mortis
1528;Destrier de Zereth scindé;Métier;vanilla;à définir;;auto_assigned_unique_candidate;;1;wowhead-zone:13536;Ombreterre > Ombreterre > Zereth Mortis;wowhead-zone:13536;Ombreterre > Ombreterre > Zereth Mortis
1529;Proto-cerf oint;Réputation;shadowlands;9.2;;auto_assigned_unique_candidate;;1;wowhead-zone:13536;Ombreterre > Ombreterre > Zereth Mortis;wowhead-zone:13536;Ombreterre > Ombreterre > Zereth Mortis
1531;Wen Lo, Raz des rives;Boutique;shadowlands;9.1.5;;no_candidate;;0;;;;
1532;Grimoire volant;à définir;à définir;à définir;;no_candidate;;0;;;;
1533;Morgoptère forgé;Butin;shadowlands;9.2;;auto_assigned_unique_candidate;;1;wowhead-zone:13536;Ombreterre > Ombreterre > Zereth Mortis;wowhead-zone:13536;Ombreterre > Ombreterre > Zereth Mortis
1534;Apix;Butin;shadowlands;9.2;;auto_assigned_unique_candidate;;1;wowhead-zone:13536;Ombreterre > Ombreterre > Zereth Mortis;wowhead-zone:13536;Ombreterre > Ombreterre > Zereth Mortis
1535;Vespoïdé ailes-de-bronze;Butin;shadowlands;9.2;;auto_assigned_unique_candidate;;1;wowhead-zone:13536;Ombreterre > Ombreterre > Zereth Mortis;wowhead-zone:13536;Ombreterre > Ombreterre > Zereth Mortis
1536;Raptora antradapté;Butin;shadowlands;9.2;;auto_assigned_unique_candidate;;1;wowhead-zone:13536;Ombreterre > Ombreterre > Zereth Mortis;wowhead-zone:13536;Ombreterre > Ombreterre > Zereth Mortis
1537;Raptora planeur;Butin;shadowlands;9.2;;auto_assigned_unique_candidate;;1;wowhead-zone:13536;Ombreterre > Ombreterre > Zereth Mortis;wowhead-zone:13536;Ombreterre > Ombreterre > Zereth Mortis
1538;Hélicidé de bronze;Butin;shadowlands;9.2;;auto_assigned_unique_candidate;;1;wowhead-zone:13536;Ombreterre > Ombreterre > Zereth Mortis;wowhead-zone:13536;Ombreterre > Ombreterre > Zereth Mortis
1539;Prototype de lestopode raté;Butin;shadowlands;9.2;;auto_assigned_unique_candidate;;1;wowhead-zone:13536;Ombreterre > Ombreterre > Zereth Mortis;wowhead-zone:13536;Ombreterre > Ombreterre > Zereth Mortis
1540;Hélicidé écarlate;Butin;shadowlands;9.2;;auto_assigned_unique_candidate;;1;wowhead-zone:13536;Ombreterre > Ombreterre > Zereth Mortis;wowhead-zone:13536;Ombreterre > Ombreterre > Zereth Mortis
1541;Clampant de la Genèse;Butin;shadowlands;9.2;;auto_assigned_unique_candidate;;1;wowhead-zone:13536;Ombreterre > Ombreterre > Zereth Mortis;wowhead-zone:13536;Ombreterre > Ombreterre > Zereth Mortis
1542;Rampant tarachnidé;Butin;shadowlands;9.2;;auto_assigned_unique_candidate;;1;wowhead-zone:13536;Ombreterre > Ombreterre > Zereth Mortis;wowhead-zone:13536;Ombreterre > Ombreterre > Zereth Mortis
1543;Glisseuse ineffable;Butin;shadowlands;9.2;;auto_assigned_unique_candidate;;1;wowhead-zone:13536;Ombreterre > Ombreterre > Zereth Mortis;wowhead-zone:13536;Ombreterre > Ombreterre > Zereth Mortis
1544;Marche-mort déformé par le désert;Haut-fait;shadowlands;9.2;;no_candidate;;0;;;;
1545;Baiser divin d’Ohn’ahra;Quête;dragonflight;10.0;;no_candidate;;0;;;;
1546;Loutrèke de marchand d’Iskaara;Vendeur;dragonflight;10.0;;no_candidate;;0;;;;
1547;Bufonidé plaque-d’or;Butin;shadowlands;9.2;;auto_assigned_unique_candidate;;1;wowhead-zone:13536;Ombreterre > Ombreterre > Zereth Mortis;wowhead-zone:13536;Ombreterre > Ombreterre > Zereth Mortis
1549;Aurélidé chatoyant;Haut-fait;shadowlands;9.2;;no_candidate;;0;;;;
1550;Traqueur des profondeurs;Comptoir;warWithin;11.0;;no_candidate;;0;;;;
1551;Aurélidé cryptique;Haut-fait;shadowlands;9.2;;auto_assigned_unique_candidate;;1;wowhead-zone:13536;Ombreterre > Ombreterre > Zereth Mortis;wowhead-zone:13536;Ombreterre > Ombreterre > Zereth Mortis
1552;Destrier de Zereth carcinisé;à définir;à définir;à définir;;no_candidate;;0;;;;
1553;Rusarde libérée;Butin;dragonflight;10.0;;auto_assigned_unique_candidate;;1;wowhead-zone:13646;Azeroth > Îles aux Dragons > Travée d’Azur;wowhead-zone:13646;Azeroth > Îles aux Dragons > Travée d’Azur
1556;Tisse-Rêves enchevêtré;Promotion Blizzard;shadowlands;9.2.5;;no_candidate;;0;;;;
1563;Drake des hautes-terres;à définir;à définir;à définir;;no_candidate;;0;;;;
1564;Rat de l’Antre lacère-âme colossal;à définir;à définir;à définir;;no_candidate;;0;;;;
1565;Rat de l’Antre peau-ombreuse colossal;à définir;à définir;à définir;;no_candidate;;0;;;;
1566;Rat de l’Antre griffe-d’ébène colossal;à définir;à définir;à définir;;no_candidate;;0;;;;
1568;Foule-ruines sancteforge;Divers;shadowlands;9.1.5;;no_candidate;;0;;;;
1569;Bufonidé patient;Quête;shadowlands;9.2;;auto_assigned_unique_candidate;;1;wowhead-zone:13536;Ombreterre > Ombreterre > Zereth Mortis;wowhead-zone:13536;Ombreterre > Ombreterre > Zereth Mortis
1570;Prototype de bondisseur;Butin;shadowlands;9.2;;auto_assigned_unique_candidate;;1;wowhead-zone:13536;Ombreterre > Ombreterre > Zereth Mortis;wowhead-zone:13536;Ombreterre > Ombreterre > Zereth Mortis
1571;Bufonidé brun-roux;Butin;shadowlands;9.2;;auto_assigned_unique_candidate;;1;wowhead-zone:13536;Ombreterre > Ombreterre > Zereth Mortis;wowhead-zone:13536;Ombreterre > Ombreterre > Zereth Mortis
1572;Mangeur d’âmes du gladiateur cosmique;PvP coté;shadowlands;9.2;;no_candidate;;0;;;;
1573;Serpent-nuage magenta;Comptoir;dragonflight;10.0.7;;no_candidate;;0;;;;
1574;Clampant craquelé;Comptoir;dragonflight;10.1.5;;no_candidate;;0;;;;
1575;Piailleur;Comptoir;dragonflight;10.1;;no_candidate;;0;;;;
1576;Tremblote senior;Haut-fait;shadowlands;9.2.5;;no_candidate;;0;;;;
1577;Ash’adar, messager de l’aube;Comptoir;dragonflight;10.0.5;;no_candidate;;0;;;;
1578;;à définir;à définir;à définir;;no_candidate;;0;;;;
1579;Raie des vagues traque-corail;à définir;à définir;à définir;;no_candidate;;0;;;;
1580;Lupin féal;Butin;shadowlands;9.2;;auto_assigned_unique_candidate;;1;wowhead-zone:13536;Ombreterre > Ombreterre > Zereth Mortis;wowhead-zone:13536;Ombreterre > Ombreterre > Zereth Mortis
1581;Grand wyrm gorgé de Néant;Boutique;shadowlands;9.2.5;;no_candidate;;0;;;;
1582;Tortue verte de bataille sauvage;Comptoir;dragonflight;10.0.7;;no_candidate;;0;;;;
1583;Kodo de siège cuirassé;Boutique;dragonflight;10.1.5;;no_candidate;;0;;;;
1584;Rat de l’Antre crache-peste colossal;à définir;à définir;à définir;;no_candidate;;0;;;;
1585;Rat de l’Antre spectre-lié colossal;à définir;à définir;à définir;;no_candidate;;0;;;;
1586;Pterreurdactyle doré cuirassé;Comptoir;dragonflight;10.0.5;;no_candidate;;0;;;;
1587;Surveillant de Zereth;à définir;à définir;à définir;;no_candidate;;0;;;;
1588;Glissedrake méandrique;à définir;à définir;à définir;;no_candidate;;0;;;;
1589;Proto-drake renouvelé;à définir;à définir;à définir;;no_candidate;;0;;;;
1590;Vélocidrake vogue-vents;à définir;à définir;à définir;;no_candidate;;0;;;;
1591;Drake-sauvage des falaises;à définir;à définir;à définir;;no_candidate;;0;;;;
1594;Jade, présage de bonheur;Boutique;dragonflight;10.0;;no_candidate;;0;;;;
1595;Bondisseuse des marais céruléenne;Comptoir;dragonflight;10.0.5;;no_candidate;;0;;;;
1596;Amalgame de rage;Promotion Blizzard;dragonflight;10.0;;no_candidate;;0;;;;
1597;Hurlemors;à définir;à définir;à définir;;no_candidate;;0;;;;
1599;Mangeur d’âmes du gladiateur éternel ou de la gladiatrice éternelle;à définir;à définir;à définir;;no_candidate;;0;;;;
1600;Faucon-pérégrin émeraude insaisissable;Quête;shadowlands;9.2.5;;no_candidate;;0;;;;
1602;Planeur côtier rohart;Retiré;shadowlands;9.2.5;;no_candidate;;0;;;;
1603;Magmammouth souterrain;Vendeur;dragonflight;10.1;;auto_assigned_unique_candidate;;1;wowhead-zone:14022;Azeroth > Îles aux Dragons > Grotte de Zaralek;wowhead-zone:14022;Azeroth > Îles aux Dragons > Grotte de Zaralek
1605;;à définir;à définir;à définir;;no_candidate;;0;;;;
1607;Drake spectral rapide;à définir;à définir;à définir;;no_candidate;;0;;;;
1612;Magmammouth loyal;Vendeur;dragonflight;10.0;;auto_assigned_unique_candidate;;1;wowhead-zone:13644;Azeroth > Îles aux Dragons > Rivages de l’Éveil;wowhead-zone:13644;Azeroth > Îles aux Dragons > Rivages de l’Éveil
1614;Bruffalon touché par la tempête;Haut-fait;dragonflight;10.2.6;;no_candidate;;0;;;;
1615;Libellonne apprivoisée;Réputation;dragonflight;10.0;;no_candidate;;0;;;;
1616;Libellonne d’azur;Réputation;dragonflight;10.0;;no_candidate;;0;;;;
1617;Libellonne verdoyante;Butin;dragonflight;10.0;;no_candidate;;0;;;;
1618;Frôle-sable conféré;Haut-fait;dragonflight;10.2.6;;no_candidate;;0;;;;
1619;Dracamandre antique;Butin;dragonflight;10.0.7;;auto_assigned_unique_candidate;;1;wowhead-zone:14433;Azeroth > Îles aux Dragons > Confins Interdits;wowhead-zone:14433;Azeroth > Îles aux Dragons > Confins Interdits
1621;Dracamandre écalorail;Haut-fait;dragonflight;10.2.6;;no_candidate;;0;;;;
1622;Dracamandre cuir-tempête;Vendeur;dragonflight;10.0;;no_candidate;;0;;;;
1623;Roussesillon;Butin;dragonflight;10.1;;auto_assigned_unique_candidate;;1;wowhead-zone:14022;Azeroth > Îles aux Dragons > Grotte de Zaralek;wowhead-zone:14022;Azeroth > Îles aux Dragons > Grotte de Zaralek
1626;Coquillack;Haut-fait;dragonflight;10.0;;no_candidate;;0;;;;
1627;Gastéromentaire baveux;Butin;dragonflight;10.0.7;;auto_assigned_unique_candidate;;1;wowhead-zone:14433;Azeroth > Îles aux Dragons > Confins Interdits;wowhead-zone:14433;Azeroth > Îles aux Dragons > Confins Interdits
1629;Escarmonde pugnace;à définir;à définir;à définir;;no_candidate;;0;;;;
1633;Mammouth fouisseur conféré;Haut-fait;dragonflight;10.2.6;;no_candidate;;0;;;;
1634;Mammouth moussu;à définir;à définir;à définir;;no_candidate;;0;;;;
1635;Porteur marche-plaine;Butin;dragonflight;10.0;;no_candidate;;0;;;;
1638;Peau-roche de bât d’explorateur;Vendeur;dragonflight;10.2.5;;no_candidate;;0;;;;
1639;Lizi, piétineuse échine-de-tonnerre;à définir;à définir;à définir;;no_candidate;;0;;;;
1644;Magmammouth déchaîné;Haut-fait;dragonflight;10.0;;no_candidate;;0;;;;
1645;Magmammouth reconstitué;Butin;dragonflight;10.1.7;;no_candidate;;0;;;;
1651;Loutrèke d’avant-garde conférée;Haut-fait;dragonflight;10.2.6;;no_candidate;;0;;;;
1653;Loutrèke de guerre brune;Réputation;dragonflight;10.0;;no_candidate;;0;;;;
1654;Loutrèke porteuse de loutremonde;Haut-fait;dragonflight;10.0;;no_candidate;;0;;;;
1655;Loutrèke de guerre jaune;Réputation;dragonflight;10.0;;no_candidate;;0;;;;
1656;Loutro;Quête;dragonflight;10.0;;no_candidate;;0;;;;
1657;Loutrèke éclaireuse brune;Réputation;dragonflight;10.0;;no_candidate;;0;;;;
1658;Loutrèke de marchand ivoire;Vendeur;dragonflight;10.0;;no_candidate;;0;;;;
1659;Loutrèke éclaireuse jaune;Réputation;dragonflight;10.0;;no_candidate;;0;;;;
1660;Drake du gladiateur écarlate;PvP coté;dragonflight;10.0;;no_candidate;;0;;;;
1662;Télix le Cornetonnerre;Retiré;dragonflight;10.0;;no_candidate;;0;;;;
1664;Vorquin gardien;Vendeur;dragonflight;10.0;;auto_assigned_unique_candidate;;1;wowhead-zone:14433;Azeroth > Îles aux Dragons > Confins Interdits;wowhead-zone:14433;Azeroth > Îles aux Dragons > Confins Interdits
1665;Vorquin rapide cuirassé;Vendeur;dragonflight;10.0;;auto_assigned_unique_candidate;;1;wowhead-zone:14433;Azeroth > Îles aux Dragons > Confins Interdits;wowhead-zone:14433;Azeroth > Îles aux Dragons > Confins Interdits
1667;Vorquin marche-ligne cuirassé;Vendeur;dragonflight;10.0;;auto_assigned_unique_candidate;;1;wowhead-zone:14433;Azeroth > Îles aux Dragons > Confins Interdits;wowhead-zone:14433;Azeroth > Îles aux Dragons > Confins Interdits
1668;Vorquin majestueux cuirassé;Vendeur;dragonflight;10.0;;auto_assigned_unique_candidate;;1;wowhead-zone:14433;Azeroth > Îles aux Dragons > Confins Interdits;wowhead-zone:14433;Azeroth > Îles aux Dragons > Confins Interdits
1669;Guetteur ohuna conféré;Haut-fait;dragonflight;10.2.6;;no_candidate;;0;;;;
1671;Ohuna crépuscaile;Vendeur;dragonflight;10.1.7;;no_candidate;;0;;;;
1672;Jeune zenet;Butin;dragonflight;10.0;;auto_assigned_unique_candidate;;1;wowhead-zone:13645;Azeroth > Îles aux Dragons > Plaines d’Ohn’ahra;wowhead-zone:13645;Azeroth > Îles aux Dragons > Plaines d’Ohn’ahra
1674;Griffe-du-ciel caractérielle;Secret;dragonflight;10.0;;auto_assigned_unique_candidate;;1;wowhead-zone:13646;Azeroth > Îles aux Dragons > Travée d’Azur;wowhead-zone:13646;Azeroth > Îles aux Dragons > Travée d’Azur
1679;Proto-wyrm couvegrive;à définir;à définir;à définir;;no_candidate;;0;;;;
1681;Armoredon tempeste-grêle;Haut-fait;dragonflight;10.0;;no_candidate;;0;;;;
1683;Vorquin écarlate;Vendeur;dragonflight;10.0;;auto_assigned_unique_candidate;;1;wowhead-zone:14433;Azeroth > Îles aux Dragons > Confins Interdits;wowhead-zone:14433;Azeroth > Îles aux Dragons > Confins Interdits
1684;Vorquin de saphir;Vendeur;dragonflight;10.0;;auto_assigned_unique_candidate;;1;wowhead-zone:14433;Azeroth > Îles aux Dragons > Confins Interdits;wowhead-zone:14433;Azeroth > Îles aux Dragons > Confins Interdits
1685;Vorquin de bronze;Vendeur;dragonflight;10.0;;auto_assigned_unique_candidate;;1;wowhead-zone:14433;Azeroth > Îles aux Dragons > Confins Interdits;wowhead-zone:14433;Azeroth > Îles aux Dragons > Confins Interdits
1686;Vorquin d’obsidienne;Vendeur;dragonflight;10.0;;auto_assigned_unique_candidate;;1;wowhead-zone:14433;Azeroth > Îles aux Dragons > Confins Interdits;wowhead-zone:14433;Azeroth > Îles aux Dragons > Confins Interdits
1688;Dent de sabre vicieux;à définir;à définir;à définir;;no_candidate;;0;;;;
1689;Dent de sabre vicieux;à définir;à définir;à définir;;no_candidate;;0;;;;
1690;Dragonnet;à définir;à définir;à définir;;no_candidate;;0;;;;
1692;Siluridé merveilleux;Boutique;dragonflight;10.1;;no_candidate;;0;;;;
1698;Déchiqueteur lance-roquettes 9001;à définir;à définir;à définir;;no_candidate;;0;;;;
1699;Bête lunaire resplendissante;Boutique;dragonflight;10.1.7;;no_candidate;;0;;;;
1725;Armoredon ardent;Haut-fait;dragonflight;10.1;;no_candidate;;0;;;;
1727;Visage de Tarecgosa;à définir;à définir;à définir;;no_candidate;;0;;;;
1729;Gliss, le roi de la glisse;à définir;à définir;à définir;;no_candidate;;0;;;;
1730;Aile-de-schiste ignée;Vendeur;dragonflight;10.1;;auto_assigned_unique_candidate;;1;wowhead-zone:14022;Azeroth > Îles aux Dragons > Grotte de Zaralek;wowhead-zone:14022;Azeroth > Îles aux Dragons > Grotte de Zaralek
1732;Aile-de-schiste de cobalt;Butin;dragonflight;10.1;;auto_assigned_unique_candidate;;1;wowhead-zone:14022;Azeroth > Îles aux Dragons > Grotte de Zaralek;wowhead-zone:14022;Azeroth > Îles aux Dragons > Grotte de Zaralek
1733;Aile-de-schiste incandescent;Haut-fait;dragonflight;10.2.6;;no_candidate;;0;;;;
1734;Aile-de-schiste ombreflamme;Haut-fait;dragonflight;10.1;;no_candidate;;0;;;;
1735;Aile-de-schiste cataloguée;à définir;à définir;à définir;;no_candidate;;0;;;;
1736;Porte-roche;Vendeur;dragonflight;10.1;;auto_assigned_unique_candidate;;1;wowhead-zone:14022;Azeroth > Îles aux Dragons > Grotte de Zaralek;wowhead-zone:14022;Azeroth > Îles aux Dragons > Grotte de Zaralek
1737;Aile-de-schiste sablonneuse;Vendeur;dragonflight;10.1.7;;no_candidate;;0;;;;
1738;Museau;Vendeur;dragonflight;10.1;;auto_assigned_unique_candidate;;1;wowhead-zone:14022;Azeroth > Îles aux Dragons > Grotte de Zaralek;wowhead-zone:14022;Azeroth > Îles aux Dragons > Grotte de Zaralek
1739;Glissedrake du gladiateur d’obsidienne;PvP coté;dragonflight;10.1;;no_candidate;;0;;;;
1740;Escargot de guerre vicieux;à définir;à définir;à définir;;no_candidate;;0;;;;
1741;Escargot de guerre vicieux;à définir;à définir;à définir;;no_candidate;;0;;;;
1742;Scorpion gangrecristal;Comptoir;dragonflight;10.1;;no_candidate;;0;;;;
1744;Drake de l’Aile-du-Néant cavernicole;à définir;à définir;à définir;;no_candidate;;0;;;;
1771;Drake des hautes-terres;à définir;à définir;à définir;;no_candidate;;0;;;;
1772;Pterreurdactyle écarlate;Quête;dragonflight;10.1.5;;auto_assigned_unique_candidate;;1;wowhead-zone:8670;Azeroth > Zandalar > Zuldazar > Dazar’alor;wowhead-zone:8670;Azeroth > Zandalar > Zuldazar > Dazar’alor
1773;Griffon du port;Quête;dragonflight;10.1.5;;auto_assigned_unique_candidate;;1;wowhead-zone:8568;Azeroth > Kul Tiras > Rade de Tiragarde > Boralus;wowhead-zone:8568;Azeroth > Kul Tiras > Rade de Tiragarde > Boralus
1774;Bravoure;Secret;dragonflight;10.1.5;;no_candidate;;0;;;;
1776;Loup de guerre blanc;Vendeur;dragonflight;10.1.5;;no_candidate;;0;;;;
1777;Griffon noir vorace;Vendeur;dragonflight;10.1.5;;no_candidate;;0;;;;
1778;Albatros à palmes dorées;Vendeur;dragonflight;10.1.5;;no_candidate;;0;;;;
1779;Dragon gangrorage;Vendeur;dragonflight;10.1.5;;no_candidate;;0;;;;
1781;Chien de soufre;Vendeur;dragonflight;10.1.5;;no_candidate;;0;;;;
1782;Mastodonte perfectionné;Vendeur;dragonflight;10.1.5;;no_candidate;;0;;;;
1783;Vainqueur lié au Fléau;Vendeur;dragonflight;10.1.5;;no_candidate;;0;;;;
1784;Faux-bourdon royal;Comptoir;dragonflight;10.1;;no_candidate;;0;;;;
1785;Sabot-fourchu ancestral;Comptoir;dragonflight;10.1.5;;no_candidate;;0;;;;
1786;Proto-drake renouvelé;à définir;à définir;à définir;;no_candidate;;0;;;;
1787;Vélocidrake vogue-vents;à définir;à définir;à définir;;no_candidate;;0;;;;
1788;Drake-sauvage des falaises;à définir;à définir;à définir;;no_candidate;;0;;;;
1789;Glissedrake méandrique;à définir;à définir;à définir;;no_candidate;;0;;;;
1792;Chevaucheur de tempête algarien;Promotion Blizzard;dragonflight;10.1.7;;no_candidate;;0;;;;
1794;Pattie;à définir;à définir;à définir;;no_candidate;;0;;;;
1795;Wyrm arborescent de bon augure;Boutique;dragonflight;10.2;;no_candidate;;0;;;;
1796;Jeune Dragonnet;à définir;à définir;à définir;;no_candidate;;0;;;;
1797;Grrloc gigantissime;Boutique;dragonflight;10.1.7;;no_candidate;;0;;;;
1798;Glacemonde azur;Butin;dragonflight;10.2;;no_candidate;;0;;;;
1799;Chevaucheur terrifiant de la veillée;Boutique;dragonflight;10.1.7;;no_candidate;;0;;;;
1801;Armoredon verdoyant;Haut-fait;dragonflight;10.2;;no_candidate;;0;;;;
1808;Cerf onirique bourgeonnant;Vendeur;dragonflight;10.2;;auto_assigned_unique_candidate;;1;wowhead-zone:14529;Azeroth > Îles aux Dragons > Rêve d’émeraude;wowhead-zone:14529;Azeroth > Îles aux Dragons > Rêve d’émeraude
1809;Cerf onirique solegrâce;Vendeur;dragonflight;10.2;;auto_assigned_unique_candidate;;1;wowhead-zone:14529;Azeroth > Îles aux Dragons > Rêve d’émeraude;wowhead-zone:14529;Azeroth > Îles aux Dragons > Rêve d’émeraude
1810;Cerf onirique ravivé;Vendeur;dragonflight;10.2;;auto_assigned_unique_candidate;;1;wowhead-zone:14529;Azeroth > Îles aux Dragons > Rêve d’émeraude;wowhead-zone:14529;Azeroth > Îles aux Dragons > Rêve d’émeraude
1811;Cerf onirique lunaire;Vendeur;dragonflight;10.2;;auto_assigned_unique_candidate;;1;wowhead-zone:14529;Azeroth > Îles aux Dragons > Rêve d’émeraude;wowhead-zone:14529;Azeroth > Îles aux Dragons > Rêve d’émeraude
1812;Pyroseigneur runique;à définir;à définir;à définir;;no_candidate;;0;;;;
1813;Réacteurs de saut de Mimiron;Secret;dragonflight;10.1.7;;no_candidate;;0;;;;
1814;Sabre de rêve du soir ombragé;Haut-fait;dragonflight;10.2;;no_candidate;;0;;;;
1815;Sabre de rêve de la nuit hiémale;Butin;dragonflight;10.2;;auto_assigned_unique_candidate;;1;wowhead-zone:14529;Azeroth > Îles aux Dragons > Rêve d’émeraude;wowhead-zone:14529;Azeroth > Îles aux Dragons > Rêve d’émeraude
1816;Sabre de rêve du soleil couchant;Vendeur;dragonflight;10.2;;auto_assigned_unique_candidate;;1;wowhead-zone:14529;Azeroth > Îles aux Dragons > Rêve d’émeraude;wowhead-zone:14529;Azeroth > Îles aux Dragons > Rêve d’émeraude
1817;Sabre de rêve de l’éclosion matinale;Vendeur;dragonflight;10.2;;auto_assigned_unique_candidate;;1;wowhead-zone:14529;Azeroth > Îles aux Dragons > Rêve d’émeraude;wowhead-zone:14529;Azeroth > Îles aux Dragons > Rêve d’émeraude
1818;Anu’relos, Guide de la Flamme;Butin;dragonflight;10.2;;auto_assigned_unique_candidate;;1;wowhead-zone:15105;Azeroth > Îles aux Dragons > Amirdrassil;wowhead-zone:15105;Azeroth > Îles aux Dragons > Amirdrassil
1819;Bête lunaire vicieuse;à définir;à définir;à définir;;no_candidate;;0;;;;
1820;Bête lunaire vicieuse;à définir;à définir;à définir;;no_candidate;;0;;;;
1822;Drake du gladiateur draconique;PvP coté;dragonflight;10.2.6;;no_candidate;;0;;;;
1824;Bakar hérissé à fourrure brune;Comptoir;warWithin;11.1.5;;no_candidate;;0;;;;
1825;Taïvan;à définir;à définir;à définir;;no_candidate;;0;;;;
1830;Drake fantasque épanoui;à définir;à définir;à définir;;no_candidate;;0;;;;
1831;Glissedrake du gladiateur verdoyant;PvP coté;dragonflight;10.2;;no_candidate;;0;;;;
1833;Serre de rêve printanier;Vendeur;dragonflight;10.2;;auto_assigned_unique_candidate;;1;wowhead-zone:14529;Azeroth > Îles aux Dragons > Rêve d’émeraude;wowhead-zone:14529;Azeroth > Îles aux Dragons > Rêve d’émeraude
1834;Serre de rêve ocre;Quête;dragonflight;10.2;;auto_assigned_unique_candidate;;1;wowhead-zone:14529;Azeroth > Îles aux Dragons > Rêve d’émeraude;wowhead-zone:14529;Azeroth > Îles aux Dragons > Rêve d’émeraude
1835;Serre de rêve douceneige;Vendeur;dragonflight;10.2;;auto_assigned_unique_candidate;;1;wowhead-zone:14529;Azeroth > Îles aux Dragons > Rêve d’émeraude;wowhead-zone:14529;Azeroth > Îles aux Dragons > Rêve d’émeraude
1837;Délugène;Vendeur;dragonflight;10.2;;auto_assigned_unique_candidate;;1;wowhead-zone:14529;Azeroth > Îles aux Dragons > Rêve d’émeraude;wowhead-zone:14529;Azeroth > Îles aux Dragons > Rêve d’émeraude
1838;Serr;Vendeur;dragonflight;10.2;;auto_assigned_unique_candidate;;1;wowhead-zone:14529;Azeroth > Îles aux Dragons > Rêve d’émeraude;wowhead-zone:14529;Azeroth > Îles aux Dragons > Rêve d’émeraude
1839;Broutétoiles;Vendeur;dragonflight;10.2;;auto_assigned_unique_candidate;;1;wowhead-zone:14529;Azeroth > Îles aux Dragons > Rêve d’émeraude;wowhead-zone:14529;Azeroth > Îles aux Dragons > Rêve d’émeraude
1841;Mantelume écarlate;Comptoir;dragonflight;10.2;;no_candidate;;0;;;;
1938;Mammythe;Vendeur;dragonflight;10.2;;auto_assigned_unique_candidate;;1;wowhead-zone:14529;Azeroth > Îles aux Dragons > Rêve d’émeraude;wowhead-zone:14529;Azeroth > Îles aux Dragons > Rêve d’émeraude
1939;Imaginaile;Vendeur;dragonflight;10.2;;auto_assigned_unique_candidate;;1;wowhead-zone:14529;Azeroth > Îles aux Dragons > Rêve d’émeraude;wowhead-zone:14529;Azeroth > Îles aux Dragons > Rêve d’émeraude
1940;Salatrance;Vendeur;dragonflight;10.2;;auto_assigned_unique_candidate;;1;wowhead-zone:14529;Azeroth > Îles aux Dragons > Rêve d’émeraude;wowhead-zone:14529;Azeroth > Îles aux Dragons > Rêve d’émeraude
1941;Raie de mana cherche-coeur;De l'amour dans l'air;dragonflight;10.2.5;;no_candidate;;0;;;;
1942;Scarabée en cuivre orné de joyaux;à définir;à définir;à définir;;no_candidate;;0;;;;
1943;Incognitro, le gangrecycle indéchiffrable;Secret;warWithin;11.0.5;;no_candidate;;0;;;;
1944;Scarabée royal doré;à définir;à définir;à définir;;no_candidate;;0;;;;
1945;Scarabée en saphir orné de joyaux;à définir;à définir;à définir;;no_candidate;;0;;;;
1946;Scarabée en jade orné de joyaux;à définir;à définir;à définir;;no_candidate;;0;;;;
1947;Cyclobraise forgé par la haine;à définir;à définir;à définir;;no_candidate;;0;;;;
1948;Cyclomort Feu-du-Vide;à définir;à définir;à définir;;no_candidate;;0;;;;
1949;Rôdeur gilnéen;Quête;dragonflight;10.2.5;;no_candidate;;0;;;;
1953;Drake de l’Aile-du-Néant cavernicole;à définir;à définir;à définir;;no_candidate;;0;;;;
1954;Drake fantasque épanoui;à définir;à définir;à définir;;no_candidate;;0;;;;
1956;Renard amicalin;Comptoir;dragonflight;10.2.5;;no_candidate;;0;;;;
1957;Renard-du-ciel majestueux;Boutique;warWithin;11.0.5;;no_candidate;;0;;;;
1958;Rôdeur du ciel crépusculaire;Comptoir;dragonflight;10.2.5;;no_candidate;;0;;;;
1959;Rose des vents;Butin;dragonflight;10.2.5;;no_candidate;;0;;;;
2023;Tapis volant noble;Butin;dragonflight;10.2.5;;no_candidate;;0;;;;
2035;Paon azur majestueux;Comptoir;dragonflight;10.2.5;;no_candidate;;0;;;;
2036;Paon d’éclat du soleil;Comptoir;warWithin;11.0.7;;no_candidate;;0;;;;
2038;Trotte-bois argileux;Butin;dragonflight;10.2.5;;no_candidate;;0;;;;
2039;Tortue bleue de bataille sauvage;Comptoir;dragonflight;10.2.5;;no_candidate;;0;;;;
2055;Armoredon infini;Haut-fait;dragonflight;10.2.6;;no_candidate;;0;;;;
2056;Serre de rêve vicieuse;à définir;à définir;à définir;;no_candidate;;0;;;;
2057;Serre de rêve vicieuse;à définir;à définir;à définir;;no_candidate;;0;;;;
2060;Discus doré;Vendeur;dragonflight;10.2.7;;no_candidate;;0;;;;
2063;Braisebrume mogu;Vendeur;dragonflight;10.2.7;;no_candidate;;0;;;;
2064;Ondoyeur céleste;Vendeur;dragonflight;10.2.7;;no_candidate;;0;;;;
2065;Palefroi des vents foudrejour;Vendeur;dragonflight;10.2.7;;no_candidate;;0;;;;
2067;Palefroi des vents sylvestre;Vendeur;dragonflight;10.2.7;;no_candidate;;0;;;;
2068;Palefroi des vents élégant;Vendeur;dragonflight;10.2.7;;no_candidate;;0;;;;
2069;Volvent à plumes;à définir;à définir;à définir;;no_candidate;;0;;;;
2070;Quilen gardien;Vendeur;dragonflight;10.2.7;;no_candidate;;0;;;;
2071;Quilen marbré;Vendeur;dragonflight;10.2.7;;no_candidate;;0;;;;
2072;Grue de monte mordorée;à définir;à définir;à définir;;no_candidate;;0;;;;
2073;Grue de monte pâle;à définir;à définir;à définir;;no_candidate;;0;;;;
2074;Grue de monte rosée;à définir;à définir;à définir;;no_candidate;;0;;;;
2075;Grue de monte argentée;à définir;à définir;à définir;;no_candidate;;0;;;;
2076;Grue de monte somptueuse;à définir;à définir;à définir;;no_candidate;;0;;;;
2077;Grue de monte tropicale;à définir;à définir;à définir;;no_candidate;;0;;;;
2078;Chèvre de monte des neiges;Vendeur;dragonflight;10.2.7;;no_candidate;;0;;;;
2080;Petite chèvre de monte rousse;Vendeur;dragonflight;10.2.7;;no_candidate;;0;;;;
2081;Hurleciel sanglant;Vendeur;dragonflight;10.2.7;;no_candidate;;0;;;;
2083;Pterreurdaile de minuit;à définir;à définir;à définir;;no_candidate;;0;;;;
2084;Pterreurdactyle de jade;Vendeur;dragonflight;10.2.7;;no_candidate;;0;;;;
2085;Mastodonte de cobalt;Vendeur;dragonflight;10.2.7;;no_candidate;;0;;;;
2086;Mastodonte de gangrefer;Vendeur;dragonflight;10.2.7;;no_candidate;;0;;;;
2087;Tigre de monte pandashan violet;Vendeur;dragonflight;10.2.7;;no_candidate;;0;;;;
2088;Marche-rivière Mushan;à définir;à définir;à définir;;no_candidate;;0;;;;
2089;Mushan pâle;Vendeur;dragonflight;10.2.7;;no_candidate;;0;;;;
2090;Polly l’Emplumée;Vendeur;dragonflight;10.2.6;;no_candidate;;0;;;;
2091;Lycodrac en voyage;Haut-fait;dragonflight;10.2.6;;no_candidate;;0;;;;
2114;Mangeur d’âmes de Zovaal;à définir;à définir;à définir;;no_candidate;;0;;;;
2115;Envol;à définir;à définir;à définir;;no_candidate;;0;;;;
2116;Griffon doré remémoré;Vendeur;warWithin;11.0;;no_candidate;;0;;;;
2117;Coursier du vent remémoré;Vendeur;warWithin;11.0;;no_candidate;;0;;;;
2118;Pterreurdactyle d’ambre;Vendeur;dragonflight;10.2.7;;no_candidate;;0;;;;
2119;Mécarmure cavepierre;Quête;warWithin;11.0;;no_candidate;;0;;;;
2140;Messager charmeur;Boutique;dragonflight;10.2.7;;no_candidate;;0;;;;
2142;Phénix vénérable;Haut-fait;dragonflight;10.2.7;;no_candidate;;0;;;;
2143;Serpent d’empereur astral;Haut-fait;dragonflight;10.2.7;;auto_assigned_unique_candidate;;1;wowhead-zone:5840;Azeroth > Pandarie > Val de l’Éternel printemps;wowhead-zone:5840;Azeroth > Pandarie > Val de l’Éternel printemps
2144;Dirigeable des archéologues;Quête;warWithin;11.0;;no_candidate;;0;;;;
2145;Déchiqueteur de vagues à ruades de Kezan;à définir;à définir;à définir;;no_candidate;;0;;;;
2148;Cendrabeille fumante;Réputation;warWithin;11.0;;no_candidate;;0;;;;
2150;Écorcheur-céleste vicieux;à définir;à définir;à définir;;no_candidate;;0;;;;
2152;Déchiqueteur de vagues gobelin perlescent;Comptoir;dragonflight;10.2.7;;no_candidate;;0;;;;
2158;Disperseur de foule 2-30;Métier;warWithin;11.0;;no_candidate;;0;;;;
2159;Unité de défense mécanique 1-11;Butin;warWithin;11.0;;no_candidate;;0;;;;
2161;Ancienne mite luisante;Vendeur;midnight;12.0;;auto_assigned_unique_candidate;;1;wowhead-zone:15355;Azeroth > Royaumes de l'Est > Quel'Thalas > Harandar;wowhead-zone:15355;Azeroth > Royaumes de l'Est > Quel'Thalas > Harandar
2162;Mite luisante cyan;Réputation;warWithin;11.0;;no_candidate;;0;;;;
2165;Hydromelleuse majestueuse;Vendeur;warWithin;11.0;;auto_assigned_unique_candidate;;1;wowhead-zone:14717;Azeroth > Khaz Algar > Île de Dorn;wowhead-zone:14717;Azeroth > Khaz Algar > Île de Dorn
2167;Cendrabeille déchaînée;Haut-fait;warWithin;11.0;;no_candidate;;0;;;;
2171;Rampe-fonds de la veuve;Réputation;warWithin;11.0;;auto_assigned_unique_candidate;;1;wowhead-zone:14752;Azeroth > Khaz Algar > Azj-Kahet;wowhead-zone:14752;Azeroth > Khaz Algar > Azj-Kahet
2172;Rampe-fonds hérité;Réputation;warWithin;11.0;;no_candidate;;0;;;;
2174;Rampe-fonds de la cour royale;Réputation;warWithin;11.0;;no_candidate;;0;;;;
2176;Alunira;Butin;warWithin;11.0;;auto_assigned_unique_candidate;;1;wowhead-zone:14717;Azeroth > Khaz Algar > Île de Dorn;wowhead-zone:14717;Azeroth > Khaz Algar > Île de Dorn
2177;Essaimite aigue-marine;Réputation;warWithin;11.0;;auto_assigned_unique_candidate;;1;wowhead-zone:14752;Azeroth > Khaz Algar > Azj-Kahet;wowhead-zone:14752;Azeroth > Khaz Algar > Azj-Kahet
2178;Essaimite nicheuse;Butin;warWithin;11.1.5;;no_candidate;;0;;;;
2180;Essaimite ombreuse;Haut-fait;warWithin;11.0;;no_candidate;;0;;;;
2181;Chasseur céleste essaimite;Haut-fait;warWithin;11.0;;no_candidate;;0;;;;
2184;Rampegueule féroce;Réputation;warWithin;11.0;;auto_assigned_unique_candidate;;1;wowhead-zone:14752;Azeroth > Khaz Algar > Azj-Kahet;wowhead-zone:14752;Azeroth > Khaz Algar > Azj-Kahet
2186;Poisson-dieu très ancien de monte bleu;à définir;à définir;à définir;;no_candidate;;0;;;;
2187;Rôdeur du rivage de Terradiance;à définir;à définir;à définir;;no_candidate;;0;;;;
2188;Kah, légende des profondeurs;Haut-fait;warWithin;11.0;;no_candidate;;0;;;;
2189;Béhémoth corrompu de Terradiance;Comptoir;dragonflight;10.2.7;;no_candidate;;0;;;;
2190;Ombre du doute;à définir;à définir;à définir;;no_candidate;;0;;;;
2191;Ombre entravée;Réputation;warWithin;11.0;;no_candidate;;0;;;;
2192;Engeance de Beledar;Butin;warWithin;11.0;;auto_assigned_unique_candidate;;1;wowhead-zone:14838;Azeroth > Khaz Algar > Sainte-Chute;wowhead-zone:14838;Azeroth > Khaz Algar > Sainte-Chute
2193;Lynx impérial vermillon;Réputation;warWithin;11.0;;no_candidate;;0;;;;
2194;Lynx impérial audacieux;Butin;warWithin;11.0;;auto_assigned_unique_candidate;;1;wowhead-zone:14838;Azeroth > Khaz Algar > Sainte-Chute;wowhead-zone:14838;Azeroth > Khaz Algar > Sainte-Chute
2198;Sabre de guerre kor’kron;Comptoir;warWithin;11.0;;no_candidate;;0;;;;
2199;Sabre de guerre rochenoire;Promotion Blizzard;warWithin;11.0.5;;no_candidate;;0;;;;
2200;;à définir;à définir;à définir;;no_candidate;;0;;;;
2201;Loup de guerre sentinelle;Comptoir;warWithin;11.0;;no_candidate;;0;;;;
2202;;à définir;à définir;à définir;;no_candidate;;0;;;;
2203;Loup de guerre kaldorei;Promotion Blizzard;warWithin;11.0.5;;no_candidate;;0;;;;
2204;Mèche;à définir;à définir;à définir;;no_candidate;;0;;;;
2205;Rufus la vieille taupe;à définir;à définir;à définir;;no_candidate;;0;;;;
2209;Nez-de-boue cramoisie;Réputation;warWithin;11.0;;no_candidate;;0;;;;
2211;Écorcheur-céleste vicieux;à définir;à définir;à définir;;no_candidate;;0;;;;
2213;Béliérithe de schiste;Réputation;warWithin;11.0;;no_candidate;;0;;;;
2214;Béliérithe d’ardoise;Haut-fait;warWithin;11.0;;no_candidate;;0;;;;
2218;Gangroptère du gladiateur forgé;PvP coté;warWithin;11.0;;no_candidate;;0;;;;
2219;Rasoir-céleste sureki;Butin;warWithin;11.0;;no_candidate;;0;;;;
2220;Rasoir-céleste réapprivoisé;Vendeur;midnight;12.0;;no_candidate;;0;;;;
2222;Siesbarg;Quête;warWithin;11.0;;auto_assigned_unique_candidate;;1;wowhead-zone:14752;Azeroth > Khaz Algar > Azj-Kahet;wowhead-zone:14752;Azeroth > Khaz Algar > Azj-Kahet
2223;Rasoir-céleste ascendant;Butin;warWithin;11.0;;no_candidate;;0;;;;
2224;Hippogriffe aigreplume;Vendeur;warWithin;11.0.5;;no_candidate;;0;;;;
2225;Ours de chasse amani;Vendeur;warWithin;11.0.5;;no_candidate;;0;;;;
2230;Goliath d’ivoire;Haut-fait;warWithin;11.0;;no_candidate;;0;;;;
2232;Tortue ébène de bataille sauvage;Promotion Blizzard;warWithin;11.0;;no_candidate;;0;;;;
2233;Béliérithe d’ordonnateur terrestre;Divers;warWithin;11.0;;no_candidate;;0;;;;
2235;Féligre béni des cieux;Promotion Blizzard;dragonflight;11.0;;no_candidate;;0;;;;
2237;Maître-fourrier des Grisonnes;Boutique;warWithin;11.0;;no_candidate;;0;;;;
2238;Crocilisque doré de seigneur du pillage;Comptoir;warWithin;11.0;;no_candidate;;0;;;;
2239;Crocilisque radieux de Labarrique;Comptoir;warWithin;11.0;;no_candidate;;0;;;;
2240;Crocilisque nocturne de seigneur du pillage;à définir;à définir;à définir;;no_candidate;;0;;;;
2241;Crocilisque buriné de seigneur du pillage;à définir;à définir;à définir;;no_candidate;;0;;;;
2244;Mécarmure diamant;Haut-fait;warWithin;11.0;;no_candidate;;0;;;;
2249;Main de Reshkigaal;Comptoir;warWithin;11.0;;no_candidate;;0;;;;
2255;Cendres dorées d’Al’ar;à définir;à définir;à définir;;no_candidate;;0;;;;
2259;Grrloc gigantesque;Promotion Blizzard;dragonflight;11.0;;no_candidate;;0;;;;
2261;Tempête de flamme-froide;à définir;à définir;à définir;;no_candidate;;0;;;;
2262;Ours aux salutations harmonieuses;à définir;à définir;à définir;;no_candidate;;0;;;;
2265;Brutosaure doré de négoce;Boutique;warWithin;11.0.5;;no_candidate;;0;;;;
2272;Grogneur cuirassé cramoisi;Réputation;warWithin;11.1;;auto_assigned_unique_candidate;;1;wowhead-zone:15347;Azeroth > Khaz Algar > Terremine;wowhead-zone:15347;Azeroth > Khaz Algar > Terremine
2274;Frappeur des Flots noirs;Butin;warWithin;11.1;;auto_assigned_unique_candidate;;1;wowhead-zone:15347;Azeroth > Khaz Algar > Terremine;wowhead-zone:15347;Azeroth > Khaz Algar > Terremine
2276;Gueule broyeuse imprégnée de ténèbres;Réputation;warWithin;11.1;;no_candidate;;0;;;;
2277;Grogneur cuirassé pourpre;Réputation;warWithin;11.1;;no_candidate;;0;;;;
2278;Fusendo le Furieux;Réputation;warWithin;11.1;;no_candidate;;0;;;;
2279;Tir accidentel de baril du tonnerre;Réputation;warWithin;11.1;;no_candidate;;0;;;;
2280;Spécialité de Rasesurface;Réputation;warWithin;11.1;;no_candidate;;0;;;;
2281;Grossiste de Gentepression;Butin;warWithin;11.1;;auto_assigned_unique_candidate;;1;wowhead-zone:15347;Azeroth > Khaz Algar > Terremine;wowhead-zone:15347;Azeroth > Khaz Algar > Terremine
2283;Investigateur d’innovations;Vendeur;warWithin;11.1;;auto_assigned_unique_candidate;;1;wowhead-zone:15347;Azeroth > Khaz Algar > Terremine;wowhead-zone:15347;Azeroth > Khaz Algar > Terremine
2284;Fusée de livraison ocre;Réputation;warWithin;11.1;;auto_assigned_unique_candidate;;1;wowhead-zone:15347;Azeroth > Khaz Algar > Terremine;wowhead-zone:15347;Azeroth > Khaz Algar > Terremine
2286;Déchiqueteur des Flots noirs de luxe mod. II;Réputation;warWithin;11.1;;auto_assigned_unique_candidate;;1;wowhead-zone:15347;Azeroth > Khaz Algar > Terremine;wowhead-zone:15347;Azeroth > Khaz Algar > Terremine
2287;Imploseur imprégné de ténèbres;Vendeur;warWithin;11.1;;no_candidate;;0;;;;
2288;D.E.B.R.I.S.eur gobelin personnalisé;à définir;à définir;à définir;;no_candidate;;0;;;;
2289;Koordinatrice Kapitale;Butin;warWithin;11.1;;auto_assigned_unique_candidate;;1;wowhead-zone:15347;Azeroth > Khaz Algar > Terremine;wowhead-zone:15347;Azeroth > Khaz Algar > Terremine
2290;Réévaluateur de ressources;Vendeur;warWithin;11.1;;auto_assigned_unique_candidate;;1;wowhead-zone:15347;Azeroth > Khaz Algar > Terremine;wowhead-zone:15347;Azeroth > Khaz Algar > Terremine
2291;Machine volante recyclée de Gobelin milliardaire;Butin;warWithin;11.1;;auto_assigned_unique_candidate;;1;wowhead-zone:15347;Azeroth > Khaz Algar > Terremine;wowhead-zone:15347;Azeroth > Khaz Algar > Terremine
2292;Manipulateur de marge;Vendeur;warWithin;11.1;;auto_assigned_unique_candidate;;1;wowhead-zone:15347;Azeroth > Khaz Algar > Terremine;wowhead-zone:15347;Azeroth > Khaz Algar > Terremine
2293;Œil-espion imprégné de ténèbres;Butin;warWithin;11.1;;auto_assigned_unique_candidate;;1;wowhead-zone:15347;Azeroth > Khaz Algar > Terremine;wowhead-zone:15347;Azeroth > Khaz Algar > Terremine
2294;Vilaine machine volante verte;Réputation;warWithin;11.1;;auto_assigned_unique_candidate;;1;wowhead-zone:15347;Azeroth > Khaz Algar > Terremine;wowhead-zone:15347;Azeroth > Khaz Algar > Terremine
2295;Bombardier de Baille-Fonds;Butin;warWithin;11.1;;auto_assigned_unique_candidate;;1;wowhead-zone:15347;Azeroth > Khaz Algar > Terremine;wowhead-zone:15347;Azeroth > Khaz Algar > Terremine
2296;Gob-trotteur du Gouffre;Quête;warWithin;11.1;;auto_assigned_unique_candidate;;1;wowhead-zone:15347;Azeroth > Khaz Algar > Terremine;wowhead-zone:15347;Azeroth > Khaz Algar > Terremine
2298;Gangroptère du gladiateur adulé;PvP coté;warWithin;11.1;;no_candidate;;0;;;;
2299;Électro-anguille vicieuse;à définir;à définir;à définir;;no_candidate;;0;;;;
2300;Électro-anguille vicieuse;à définir;à définir;à définir;;no_candidate;;0;;;;
2301;Fusée instable;à définir;à définir;à définir;;no_candidate;;0;;;;
2302;Fusée instable;à définir;à définir;à définir;;no_candidate;;0;;;;
2303;Déchiqueteur gobelin pourpre;Butin;warWithin;11.1;;no_candidate;;0;;;;
2304;Griffon forgé par le chaos;Boutique;warWithin;11.0.5;;no_candidate;;0;;;;
2305;Hippogriffe forgé par le chaos;Boutique;warWithin;11.0.5;;no_candidate;;0;;;;
2307;Aile de l’effroi forgée par le chaos;Boutique;warWithin;11.0.5;;no_candidate;;0;;;;
2308;Coursier du vent forgé par le chaos;Boutique;warWithin;11.0.5;;no_candidate;;0;;;;
2313;Magnétoméca d’as de la casse;Haut-fait;warWithin;11.1;;no_candidate;;0;;;;
2315;Serpent céleste en bois;Boutique;warWithin;11.0.7;;no_candidate;;0;;;;
2317;Tapis en fil ensorcelé enchanté;Vendeur;warWithin;11.0.5;;no_candidate;;0;;;;
2321;Bourdon ponctuel;Vendeur;warWithin;11.0.7;;no_candidate;;0;;;;
2322;Thrayir, les Yeux de la sirène;Secret;warWithin;11.0.7;;manually_assigned;;2;wowhead-zone:10416;Azeroth > Khaz Algar > Île aux Sirènes;wowhead-zone:10416 | wowhead-zone:15827;Azeroth > Khaz Algar > Île aux Sirènes | Azeroth > Khaz Algar > Île aux Sirènes > Chambre Oubliée
2324;Serregriffe;Vendeur;warWithin;11.0.7;;no_candidate;;0;;;;
2326;Gangroptère du gladiateur astral;PvP coté;warWithin;11.2;;no_candidate;;0;;;;
2327;Lanceur lunaire;Fête lunaire;warWithin;11.0.7;;no_candidate;;0;;;;
2328;Balai de sorcière de l’amour;De l'amour dans l'air;warWithin;11.0.7;;no_candidate;;0;;;;
2329;Balayeur de Lune-d’Argent;Comptoir;warWithin;11.0.7;;no_candidate;;0;;;;
2330;Balai de sorcière du crépuscule;Boutique;warWithin;11.0.7;;no_candidate;;0;;;;
2331;Balai de sorcière du ciel;Boutique;warWithin;11.0.7;;no_candidate;;0;;;;
2332;Le Chant des Brisants;Haut-fait;warWithin;11.0.7;;auto_assigned_unique_candidate;;1;wowhead-zone:10416;Azeroth > Khaz Algar > Île aux Sirènes;wowhead-zone:10416;Azeroth > Khaz Algar > Île aux Sirènes
2333;Déchiqueteur de vagues vintage de Soweezi;Vendeur;warWithin;11.0.7;;auto_assigned_unique_candidate;;1;wowhead-zone:10416;Azeroth > Khaz Algar > Île aux Sirènes;wowhead-zone:10416;Azeroth > Khaz Algar > Île aux Sirènes
2334;Déchiqueteur de vagues gobelin en bronze;Réputation;warWithin;11.1;;auto_assigned_unique_candidate;;1;wowhead-zone:15347;Azeroth > Khaz Algar > Terremine;wowhead-zone:15347;Azeroth > Khaz Algar > Terremine
2339;Pile de rebuts de Jani;Haut-fait;warWithin;11.0.7;;no_candidate;;0;;;;
2342;Ébouriffeur meeksi;Boutique;warWithin;11.1;;no_candidate;;0;;;;
2343;Doucepatte meeksi;Boutique;warWithin;11.1;;no_candidate;;0;;;;
2344;Roulepatte meeksi;Boutique;warWithin;11.1;;no_candidate;;0;;;;
2345;Touffethé meeksi;Boutique;warWithin;11.1;;no_candidate;;0;;;;
2346;Voleur de bière meeksi;Boutique;warWithin;11.1;;no_candidate;;0;;;;
2347;Tortue albâtre de bataille sauvage;Comptoir;warWithin;11.0.7;;no_candidate;;0;;;;
2469;Mordragon prismatique;Quête;warWithin;11.0.7;;auto_assigned_unique_candidate;;1;wowhead-zone:10416;Azeroth > Khaz Algar > Île aux Sirènes;wowhead-zone:10416;Azeroth > Khaz Algar > Île aux Sirènes
2470;Saccage-ciel noctechute;à définir;à définir;à définir;;no_candidate;;0;;;;
2471;Ur’zul le Déchireur;Vendeur;warWithin;11.0.7;;no_candidate;;0;;;;
2473;Rejeton de Sinestra;Vendeur;warWithin;11.0.7;;no_candidate;;0;;;;
2474;Quilen crinière de cuivre;Vendeur;warWithin;11.0.7;;no_candidate;;0;;;;
2476;Serpent-nuage déformé par les sha;Boutique;warWithin;11.0.7;;no_candidate;;0;;;;
2477;Tigre de monte déformé par les sha;Boutique;warWithin;11.0.7;;no_candidate;;0;;;;
2478;Faucon de feu royal flamboyant;à définir;à définir;à définir;;no_candidate;;0;;;;
2480;Déchiquetank cramoisi;Haut-fait;warWithin;11.1;;no_candidate;;0;;;;
2481;Destrier de minuit de Sombrelune;à définir;à définir;à définir;;no_candidate;;0;;;;
2482;Destrier enjoué de Sombrelune;Comptoir;warWithin;11.1;;no_candidate;;0;;;;
2483;Destrier pourpre de Sombrelune;Comptoir;warWithin;11.1;;no_candidate;;0;;;;
2484;Destrier des neiges de Sombrelune;à définir;à définir;à définir;;no_candidate;;0;;;;
2487;Le G-néral;à définir;à définir;à définir;;no_candidate;;0;;;;
2488;Coureur libre halo-de-brume;Comptoir;warWithin;11.1;;no_candidate;;0;;;;
2489;Papillon perlescent;Comptoir;warWithin;11.1;;no_candidate;;0;;;;
2491;Papillon rubis;Comptoir;warWithin;11.1;;no_candidate;;0;;;;
2492;Papillon printanier;Événement Mondial;midnight;12.0;;no_candidate;;0;;;;
2494;Papillon de minuit;à définir;à définir;à définir;;no_candidate;;0;;;;
2495;Escargot d’émeraude;Comptoir;warWithin;11.1;;no_candidate;;0;;;;
2496;Griffon marqué par le Vide;Butin;warWithin;11.1.5;;no_candidate;;0;;;;
2497;Étalon forgé par le Vide;Butin;warWithin;11.1.5;;no_candidate;;0;;;;
2498;Mère de meute marquée par le Vide;à définir;à définir;à définir;;no_candidate;;0;;;;
2499;Coursier du vent marqué par le Vide;Butin;warWithin;11.1.5;;manually_assigned;;2;wowhead-zone:14771;Azeroth > Khaz Algar > Île de Dorn > Dornogal;wowhead-zone:1637 | manual-location:pandaria:orgrimmar;Azeroth > Kalimdor > Durotar > Orgrimmar | Azeroth > Pandarie > Orgrimmar
2500;Ver d’ombre de Ny’alotha;Haut-fait;warWithin;11.1.5;;no_candidate;;0;;;;
2501;Corruption des Aspects;Vendeur;warWithin;11.1.5;;no_candidate;;0;;;;
2502;Panthère en cristal du Vide;Joaillerie;warWithin;11.1.5;;no_candidate;;0;;;;
2504;Chèvre de monte noire tachetée;Comptoir;warWithin;11.1.5;;no_candidate;;0;;;;
2505;K’arroc resplendissant;Quête;warWithin;11.2;;auto_assigned_unique_candidate;;1;wowhead-zone:15336;Azeroth > Khaz Algar > K’aresh;wowhead-zone:15336;Azeroth > Khaz Algar > K’aresh
2507;Prototype d’A.S.M.R.;Butin;warWithin;11.1;;no_candidate;;0;;;;
2508;Déchiquetank entreprenant;Haut-fait;warWithin;11.1;;no_candidate;;0;;;;
2510;Terreur du désert;Réputation;warWithin;11.2;;no_candidate;;0;;;;
2511;Terreur de la Nuit;Haut-fait;warWithin;11.2;;auto_assigned_unique_candidate;;1;wowhead-zone:15336;Azeroth > Khaz Algar > K’aresh;wowhead-zone:15336;Azeroth > Khaz Algar > K’aresh
2512;Manaoglisseur des archéologues;à définir;à définir;à définir;;no_candidate;;0;;;;
2518;Chronocorsaire;Vendeur;warWithin;11.1.7;;no_candidate;;0;;;;
2519;Lynx impérial radieux;Réputation;warWithin;11.1.5;;no_candidate;;0;;;;
2520;Porc-épic glaneur de printemps;Comptoir;warWithin;11.1.5;;no_candidate;;0;;;;
2521;Porc-épic glaneur d’été;à définir;à définir;à définir;;no_candidate;;0;;;;
2522;Porc-épic glaneur d’hiver;à définir;à définir;à définir;;no_candidate;;0;;;;
2523;Porc-épic glaneur d’automne;Comptoir;warWithin;11.1.5;;no_candidate;;0;;;;
2524;Cormère de flamme froide;Comptoir;warWithin;11.1.5;;no_candidate;;0;;;;
2525;Grand corbeau du prophète;à définir;à définir;à définir;;no_candidate;;0;;;;
2526;Cormère gangre-née;Boutique;warWithin;11.1.5;;no_candidate;;0;;;;
2527;Cormère en fusion;Comptoir;warWithin;11.1.5;;no_candidate;;0;;;;
2528;Cormère magmatique;à définir;à définir;à définir;;no_candidate;;0;;;;
2529;Grand corbeau de l’archimage;à définir;à définir;à définir;;no_candidate;;0;;;;
2531;Tyrannotort;Quête;warWithin;11.1.5;;auto_assigned_unique_candidate;;1;wowhead-zone:16092;Azeroth > Khaz Algar > Île de Dorn > Duos infâmes;wowhead-zone:16092;Azeroth > Khaz Algar > Île de Dorn > Duos infâmes
2532;Héraut de Sa’bak;Promotion Blizzard;warWithin;11.1.7;;no_candidate;;0;;;;
2535;Lynx marqué par le Vide;à définir;à définir;à définir;;no_candidate;;0;;;;
2542;Gangroptère de chasse-sang;Vendeur;warWithin;11.2.5;;no_candidate;;0;;;;
2544;Gangroptère de peste-cendre;à définir;à définir;à définir;;no_candidate;;0;;;;
2546;Gangroptère abject;à définir;à définir;à définir;;no_candidate;;0;;;;
2549;K’arroc ombreux;Haut-fait;warWithin;11.2;;auto_assigned_unique_candidate;;1;wowhead-zone:15336;Azeroth > Khaz Algar > K’aresh;wowhead-zone:15336;Azeroth > Khaz Algar > K’aresh
2550;Vol-au-vent k’arroc;Quête;warWithin;11.2.7;;auto_assigned_unique_candidate;;1;wowhead-zone:15336;Azeroth > Khaz Algar > K’aresh;wowhead-zone:15336;Azeroth > Khaz Algar > K’aresh
2552;K’arroc lavande;Vendeur;warWithin;11.2;;auto_assigned_unique_candidate;;1;wowhead-zone:15336;Azeroth > Khaz Algar > K’aresh;wowhead-zone:15336;Azeroth > Khaz Algar > K’aresh
2555;Le Geleur d’Ossements;Réputation;warWithin;11.2;;auto_assigned_unique_candidate;;1;wowhead-zone:15336;Azeroth > Khaz Algar > K’aresh;wowhead-zone:15336;Azeroth > Khaz Algar > K’aresh
2556;Rampant du Vide rubis;Réputation;warWithin;11.2;;no_candidate;;0;;;;
2557;Rampant du Vide acide;Vendeur;warWithin;11.2;;auto_assigned_unique_candidate;;1;wowhead-zone:15336;Azeroth > Khaz Algar > K’aresh;wowhead-zone:15336;Azeroth > Khaz Algar > K’aresh
2560;Barry le Bleu;Quête;warWithin;11.2;;auto_assigned_unique_candidate;;1;wowhead-zone:15336;Azeroth > Khaz Algar > K’aresh;wowhead-zone:15336;Azeroth > Khaz Algar > K’aresh
2561;Ardospine curieuse;à définir;à définir;à définir;;no_candidate;;0;;;;
2566;Cascade cramoisie de Lana’thel;à définir;à définir;à définir;;no_candidate;;0;;;;
2567;Faucon-dragon aile du Vide;Promotion Blizzard;warWithin;11.2;;no_candidate;;0;;;;
2568;Faucon-dragon aile de Lumière;Promotion Blizzard;warWithin;11.2;;no_candidate;;0;;;;
2569;Dévoreur d’étoiles délié;Butin;warWithin;11.2;;no_candidate;;0;;;;
2570;Rampant du Vide vicieux;à définir;à définir;à définir;;no_candidate;;0;;;;
2571;Rampant du Vide vicieux;à définir;à définir;à définir;;no_candidate;;0;;;;
2572;Destrier glaçant de la banshee;à définir;à définir;à définir;;no_candidate;;0;;;;
2573;Grrloc grandiose;Boutique;warWithin;11.2.5;;no_candidate;;0;;;;
2574;Aigle des neiges de Haut-Roc;à définir;à définir;à définir;;no_candidate;;0;;;;
2575;Échiquier prophétique de grand maître;Comptoir;warWithin;11.1.7;;no_candidate;;0;;;;
2576;Échiquier profond de grand maître;à définir;à définir;à définir;;no_candidate;;0;;;;
2577;Échiquier royal de grand maître;Comptoir;warWithin;11.1.7;;no_candidate;;0;;;;
2578;Échiquier fumé de grand maître;à définir;à définir;à définir;;no_candidate;;0;;;;
2579;Destrier grotesque de Réprouvé;Comptoir;warWithin;11.1.7;;no_candidate;;0;;;;
2580;Destrier de la banshee hurlante;Comptoir;warWithin;11.1.7;;no_candidate;;0;;;;
2581;Destrier écœurant de la banshee;à définir;à définir;à définir;;no_candidate;;0;;;;
2582;Serpent sage de Shaohao;Promotion Blizzard;warWithin;11.1.7;;no_candidate;;0;;;;
2586;Sabre-de-nuit sélénite;à définir;à définir;à définir;;no_candidate;;0;;;;
2587;Crin-féroce d’ivoire;Vendeur;warWithin;11.1.7;;no_candidate;;0;;;;
2593;Basilic de scories;Vendeur;warWithin;11.2.5;;no_candidate;;0;;;;
2595;Faucon-dragon spectral rapide;à définir;à définir;à définir;;no_candidate;;0;;;;
2598;Surgisseur de Lumière du Vide;Promotion Blizzard;warWithin;11.2;;no_candidate;;0;;;;
2600;Sanglier gangrené mort-défense sans armure;Comptoir;warWithin;11.1.7;;no_candidate;;0;;;;
2601;Krolusk perlescent;Butin;warWithin;11.2;;auto_assigned_unique_candidate;;1;wowhead-zone:15336;Azeroth > Khaz Algar > K’aresh;wowhead-zone:15336;Azeroth > Khaz Algar > K’aresh
2602;Goinfre transposé;Butin;warWithin;11.2;;auto_assigned_unique_candidate;;1;wowhead-zone:15336;Azeroth > Khaz Algar > K’aresh;wowhead-zone:15336;Azeroth > Khaz Algar > K’aresh
2603;Dernier déjeuner de Sthaarbs;Butin;warWithin;11.2;;auto_assigned_unique_candidate;;1;wowhead-zone:15336;Azeroth > Khaz Algar > K’aresh;wowhead-zone:15336;Azeroth > Khaz Algar > K’aresh
2604;Char OC91;Haut-fait;warWithin;11.1.7;;no_candidate;;0;;;;
2605;Destrier d’Inarius;Butin;warWithin;11.1.7;;no_candidate;;0;;;;
2606;Aile du Vide royale;Quête;warWithin;11.2;;no_candidate;;0;;;;
2607;Cendres de Belo’ren;Butin;midnight;12.0;;no_candidate;;0;;;;
2608;Mécarmure forgée par la Lumière;Haut-fait;midnight;12.0;;no_candidate;;0;;;;
2612;Surveillant forgé par le Vide;à définir;à définir;à définir;;no_candidate;;0;;;;
2614;Chagrynx féroce;Réputation;midnight;12.0;;auto_assigned_unique_candidate;;1;wowhead-zone:15355;Azeroth > Royaumes de l'Est > Quel'Thalas > Harandar;wowhead-zone:15355;Azeroth > Royaumes de l'Est > Quel'Thalas > Harandar
2615;Chagrynx traqueracine;Butin;midnight;12.0;;auto_assigned_unique_candidate;;1;wowhead-zone:15355;Azeroth > Royaumes de l'Est > Quel'Thalas > Harandar;wowhead-zone:15355;Azeroth > Royaumes de l'Est > Quel'Thalas > Harandar
2616;Chagrynx ivoire;Haut-fait;midnight;12.0;;no_candidate;;0;;;;
2618;Elekk ourlé d’éclairs;à définir;à définir;à définir;;no_candidate;;0;;;;
2619;Elekk carbonisé;à définir;à définir;à définir;;no_candidate;;0;;;;
2620;Elekk saccagé par le Vide;à définir;à définir;à définir;;no_candidate;;0;;;;
2621;Elekk forgé par la Légion;Comptoir;warWithin;11.2;;no_candidate;;0;;;;
2622;Destrier glaçant du Cavalier sans tête;à définir;à définir;à définir;;no_candidate;;0;;;;
2623;Destrier macabre du Cavalier sans tête;Butin;warWithin;11.2;;no_candidate;;0;;;;
2624;Destrier enflammé du Cavalier sans tête;à définir;à définir;à définir;;no_candidate;;0;;;;
2625;Destrier sacré du Cavalier sans tête;Comptoir;warWithin;11.2;;no_candidate;;0;;;;
2626;Griffon aux parures de Norderon;à définir;à définir;à définir;;no_candidate;;0;;;;
2627;Griffon de Nid-de-l’Aigle du grand chaman;Comptoir;warWithin;11.2;;no_candidate;;0;;;;
2628;Griffon des hautes-terres au plumage de braise;Comptoir;warWithin;11.2;;no_candidate;;0;;;;
2629;Guide céleste braisaile;à définir;à définir;à définir;;no_candidate;;0;;;;
2630;Trotte-brise hargneux;Comptoir;warWithin;11.2;;no_candidate;;0;;;;
2631;Voltigeur du Vide écarlate;Haut-fait;warWithin;11.2;;no_candidate;;0;;;;
2632;Aurochs astral;Boutique;midnight;12.0;;no_candidate;;0;;;;
2633;Voltigeur du Vide azuré;Haut-fait;warWithin;11.2;;no_candidate;;0;;;;
2634;Vaillance ardente;Boutique;warWithin;11.2.7;;no_candidate;;0;;;;
2640;Bombardier des Brasseurs;à définir;à définir;à définir;;no_candidate;;0;;;;
2645;Corne-cime kalu’ak;Vendeur;warWithin;11.2.5;;no_candidate;;0;;;;
2649;Corne-cime résistant aux requins;à définir;à définir;à définir;;no_candidate;;0;;;;
2650;Corne-cime marche-glace;à définir;à définir;à définir;;no_candidate;;0;;;;
2651;Corne-cime arpente-roche;Boutique;warWithin;11.2.7;;no_candidate;;0;;;;
2653;Ur’zul effroyable;Vendeur;warWithin;11.2.5;;no_candidate;;0;;;;
2655;Ardospine perdue dans la phase;Haut-fait;warWithin;11.2;;auto_assigned_unique_candidate;;1;wowhead-zone:15336;Azeroth > Khaz Algar > K’aresh;wowhead-zone:15336;Azeroth > Khaz Algar > K’aresh
2660;Basilic de tellurium;Vendeur;warWithin;11.2.5;;no_candidate;;0;;;;
2661;Basilic de gangreschiste;Vendeur;warWithin;11.2.5;;no_candidate;;0;;;;
2662;Basilic d’aigue-marine;Vendeur;warWithin;11.2.5;;no_candidate;;0;;;;
2663;Traqueffroi illidari;Vendeur;warWithin;11.2.5;;no_candidate;;0;;;;
2664;Traquechancre illidari;Vendeur;warWithin;11.2.5;;no_candidate;;0;;;;
2665;Noble-bois des Terres-de-Sang;Vendeur;warWithin;11.2.5;;no_candidate;;0;;;;
2666;Aigle de la canopée de Haut-Roc;Vendeur;warWithin;11.2.5;;no_candidate;;0;;;;
2670;Sabre-de-mana d’arquebaie;Vendeur;warWithin;11.2.5;;no_candidate;;0;;;;
2671;Raie de mana marquée par la corruption;Vendeur;warWithin;11.2.5;;no_candidate;;0;;;;
2672;Raie de mana dent-rouge;Vendeur;warWithin;11.2.5;;no_candidate;;0;;;;
2673;Raie de mana albinos;Vendeur;warWithin;11.2.5;;no_candidate;;0;;;;
2674;Raie de mana lumineuse;Vendeur;warWithin;11.2.5;;no_candidate;;0;;;;
2675;Coursier du Crépuscule;Vendeur;warWithin;11.2.5;;no_candidate;;0;;;;
2676;Coursoleil doré;Vendeur;warWithin;11.2.5;;no_candidate;;0;;;;
2677;Coursier de turquoise;Vendeur;warWithin;11.2.5;;no_candidate;;0;;;;
2678;Cauchemar de l’ombre noire;Vendeur;warWithin;11.2.5;;no_candidate;;0;;;;
2679;Cheval d’os du triomphe;Vendeur;warWithin;11.2.5;;no_candidate;;0;;;;
2681;Cheval d’os du carnage;Vendeur;warWithin;11.2.5;;no_candidate;;0;;;;
2682;Cheval d’os de la peste;Vendeur;warWithin;11.2.5;;no_candidate;;0;;;;
2683;Cheval d’os de l’oubli;Vendeur;warWithin;11.2.5;;no_candidate;;0;;;;
2686;Talbuk à longues cornes noir;Vendeur;warWithin;11.2.5;;no_candidate;;0;;;;
2688;Foule-ruines grenat;Vendeur;warWithin;11.2.5;;no_candidate;;0;;;;
2689;Talbuk sabot-morne à longues cornes;Vendeur;warWithin;11.2.5;;no_candidate;;0;;;;
2690;Talbuk argusséen à longues cornes;Vendeur;warWithin;11.2.5;;no_candidate;;0;;;;
2691;Talbuk à longues cornes béryl;Vendeur;warWithin;11.2.5;;no_candidate;;0;;;;
2693;Plumesol amani;Vendeur;midnight;12.0;;no_candidate;;0;;;;
2694;Mandevent amani;Réputation;midnight;12.0;;manually_assigned;;2;wowhead-zone:15947;Azeroth > Royaumes de l'Est > Quel'Thalas > Zul’Aman;wowhead-zone:15947 | manual-location:eastern-kingdoms:zul-aman;Azeroth > Royaumes de l'Est > Quel'Thalas > Zul’Aman | Azeroth > Royaumes de l'Est > Zul'Aman
2696;Dindon des hautes-terres;Comptoir;warWithin;11.2.5;;no_candidate;;0;;;;
2697;Dinde excentrique;à définir;à définir;à définir;;no_candidate;;0;;;;
2698;Dinde inquiétante;à définir;à définir;à définir;;no_candidate;;0;;;;
2699;Dinde adulée;Comptoir;warWithin;11.2.5;;no_candidate;;0;;;;
2700;Sylverole chutegivre;à définir;à définir;à définir;;no_candidate;;0;;;;
2701;Sylverole roussalin;à définir;à définir;à définir;;no_candidate;;0;;;;
2702;Sylverole sombrameau;à définir;à définir;à définir;;no_candidate;;0;;;;
2703;Sylverole brindelilas;à définir;à définir;à définir;;no_candidate;;0;;;;
2705;Coursier alezan;Vendeur;warWithin;11.2.5;;no_candidate;;0;;;;
2706;Coursier de soufre;Vendeur;warWithin;11.2.5;;no_candidate;;0;;;;
2707;Folibri brillant;Haut-fait;midnight;12.0;;no_candidate;;0;;;;
2708;Folibri éclatant;Butin;midnight;12.0;;auto_assigned_unique_candidate;;1;wowhead-zone:15355;Azeroth > Royaumes de l'Est > Quel'Thalas > Harandar;wowhead-zone:15355;Azeroth > Royaumes de l'Est > Quel'Thalas > Harandar
2710;Glissespore céruléen;Réputation;midnight;12.0;;auto_assigned_unique_candidate;;1;wowhead-zone:15355;Azeroth > Royaumes de l'Est > Quel'Thalas > Harandar;wowhead-zone:15355;Azeroth > Royaumes de l'Est > Quel'Thalas > Harandar
2713;Glissespore rougeâtre;Butin;midnight;12.0;;auto_assigned_unique_candidate;;1;wowhead-zone:15355;Azeroth > Royaumes de l'Est > Quel'Thalas > Harandar;wowhead-zone:15355;Azeroth > Royaumes de l'Est > Quel'Thalas > Harandar
2716;;à définir;à définir;à définir;;no_candidate;;0;;;;
2717;Panthère MK-0 prototype mécanique;à définir;à définir;à définir;;no_candidate;;0;;;;
2718;Panthère MK-0 prototype d’acier;à définir;à définir;à définir;;no_candidate;;0;;;;
2719;Drake de l’Aile-du-Néant de l’étincelle stellaire;à définir;à définir;à définir;;no_candidate;;0;;;;
2720;Vainqueur couvepeste gangrebrisé;Vendeur;warWithin;11.2.5;;no_candidate;;0;;;;
2721;Hurleur gangrebrisé de vengeur;à définir;à définir;à définir;;no_candidate;;0;;;;
2723;Loup-faucon gangrebrisé;Vendeur;warWithin;11.2.5;;no_candidate;;0;;;;
2724;Disque de l’archimage gangrebrisé;Vendeur;warWithin;11.2.5;;no_candidate;;0;;;;
2725;Compagnon du grand maître gangrebrisé;à définir;à définir;à définir;;no_candidate;;0;;;;
2726;Destrier du généralissime gangrebrisé;à définir;à définir;à définir;;no_candidate;;0;;;;
2727;Veilleur de grand prêtre gangrebrisé;à définir;à définir;à définir;;no_candidate;;0;;;;
2728;Présage gangrebrisé de la lame-de-l’ombre;à définir;à définir;à définir;;no_candidate;;0;;;;
2729;Tempête gangrebrisée du long-voyant;à définir;à définir;à définir;;no_candidate;;0;;;;
2730;Destrier de l’effroi de l’âme du Néant gangrebrisée;Vendeur;warWithin;11.2.5;;no_candidate;;0;;;;
2731;Wyrm de guerre gangrebrisé;à définir;à définir;à définir;;no_candidate;;0;;;;
2732;Chasseur-phasique cobalt;à définir;à définir;à définir;;no_candidate;;0;;;;
2733;Charogne calamiteuse;Haut-fait;midnight;12.0;;no_candidate;;0;;;;
2734;Charogne convalescente;Haut-fait;midnight;12.0;;no_candidate;;0;;;;
2742;Céleste sabot-tonnerre;à définir;à définir;à définir;;no_candidate;;0;;;;
2743;Céleste tempête-d’or;à définir;à définir;à définir;;no_candidate;;0;;;;
2747;Rampant du bosquet non corrompu;Butin;midnight;12.0;;auto_assigned_unique_candidate;;1;wowhead-zone:15355;Azeroth > Royaumes de l'Est > Quel'Thalas > Harandar;wowhead-zone:15355;Azeroth > Royaumes de l'Est > Quel'Thalas > Harandar
2749;Écho d’Aln’sharan;Vendeur;midnight;12.0;;auto_assigned_unique_candidate;;1;wowhead-zone:15355;Azeroth > Royaumes de l'Est > Quel'Thalas > Harandar;wowhead-zone:15355;Azeroth > Royaumes de l'Est > Quel'Thalas > Harandar
2751;Raie-tempête renforcée;Butin;midnight;12.0;;auto_assigned_unique_candidate;;1;wowhead-zone:16648;Azeroth > Royaumes de l'Est > Quel'Thalas > Tempête du Vide;wowhead-zone:16648;Azeroth > Royaumes de l'Est > Quel'Thalas > Tempête du Vide
2753;Faucon-dragon embrasé;Réputation;midnight;12.0;;no_candidate;;0;;;;
2754;Faucon-dragon olivine;à définir;à définir;à définir;;no_candidate;;0;;;;
2755;Faucon-dragon ombreux;Haut-fait;midnight;12.0;;no_candidate;;0;;;;
2756;Faucon-dragon cramoisi;Haut-fait;midnight;12.0;;no_candidate;;0;;;;
2758;Faucon-dragon cobalt;Butin;midnight;12.0;;manually_assigned;;3;wowhead-zone:15968;Azeroth > Royaumes de l'Est > Quel'Thalas > Bois des Chants éternels;wowhead-zone:15173 | wowhead-zone:3430 | wowhead-zone:15968;Azeroth > Royaumes de l'Est > Bois des Chants éternels | Azeroth > Royaumes de l'Est > Bois des Chants éternels (The Burning Crusade) > Bois des Chants éternels | Azeroth > Royaumes de l'Est > Quel'Thalas > Bois des Chants éternels
2760;Serre-tranchante amani;Butin;midnight;12.0;;manually_assigned;;2;wowhead-zone:15947;Azeroth > Royaumes de l'Est > Quel'Thalas > Zul’Aman;wowhead-zone:15947 | manual-location:eastern-kingdoms:zul-aman;Azeroth > Royaumes de l'Est > Quel'Thalas > Zul’Aman | Azeroth > Royaumes de l'Est > Zul'Aman
2761;Faucon-pérégrin de Lune-d’Argent cramoisi;Réputation;midnight;12.0;;no_candidate;;0;;;;
2762;Faucon-pérégrin céruléen;Butin;midnight;12.0;;manually_assigned;;3;wowhead-zone:15968;Azeroth > Royaumes de l'Est > Quel'Thalas > Bois des Chants éternels;wowhead-zone:15173 | wowhead-zone:3430 | wowhead-zone:15968;Azeroth > Royaumes de l'Est > Bois des Chants éternels | Azeroth > Royaumes de l'Est > Bois des Chants éternels (The Burning Crusade) > Bois des Chants éternels | Azeroth > Royaumes de l'Est > Quel'Thalas > Bois des Chants éternels
2764;Persécuteur brutobscure;Butin;midnight;12.0;;auto_assigned_unique_candidate;;1;wowhead-zone:15958;Azeroth > Royaumes de l'Est > Quel'Thalas > Tempête du Vide > Perchoir des Maîtres;wowhead-zone:15958;Azeroth > Royaumes de l'Est > Quel'Thalas > Tempête du Vide > Perchoir des Maîtres
2767;Défenseur de Fulgarion maîtrisé;Butin;midnight;12.0;;auto_assigned_unique_candidate;;1;wowhead-zone:16648;Azeroth > Royaumes de l'Est > Quel'Thalas > Tempête du Vide;wowhead-zone:16648;Azeroth > Royaumes de l'Est > Quel'Thalas > Tempête du Vide
2769;Orgueil de la Traque;Vendeur;midnight;12.0;;manually_assigned;;2;wowhead-zone:15969;Azeroth > Royaumes de l'Est > Bois des Chants éternels > Lune-d’Argent;wowhead-zone:3487 | wowhead-zone:15969;Azeroth > Royaumes de l'Est > Bois des Chants éternels (The Burning Crusade) > Lune-d’Argent | Azeroth > Royaumes de l'Est > Bois des Chants éternels > Lune-d’Argent
2770;Ire de la Traque;Vendeur;midnight;12.0;;manually_assigned;;2;wowhead-zone:15969;Azeroth > Royaumes de l'Est > Bois des Chants éternels > Lune-d’Argent;wowhead-zone:3487 | wowhead-zone:15969;Azeroth > Royaumes de l'Est > Bois des Chants éternels (The Burning Crusade) > Lune-d’Argent | Azeroth > Royaumes de l'Est > Bois des Chants éternels > Lune-d’Argent
2771;Cauchemar de la Traque;Haut-fait;midnight;12.0;;no_candidate;;0;;;;
2772;Fouisseur amani béni;Vendeur;midnight;12.0;;no_candidate;;0;;;;
2773;Gigamanidé;Haut-fait;midnight;12.0;;no_candidate;;0;;;;
2775;Pango fanécorce;à définir;à définir;à définir;;no_candidate;;0;;;;
2776;Ours amani béni;Réputation;midnight;12.0;;manually_assigned;;2;wowhead-zone:15947;Azeroth > Royaumes de l'Est > Quel'Thalas > Zul’Aman;wowhead-zone:15947 | manual-location:eastern-kingdoms:zul-aman;Azeroth > Royaumes de l'Est > Quel'Thalas > Zul’Aman | Azeroth > Royaumes de l'Est > Zul'Aman
2778;Ours de guerre ancestral;Butin;midnight;12.0;;manually_assigned;;2;wowhead-zone:15947;Azeroth > Royaumes de l'Est > Quel'Thalas > Zul’Aman;wowhead-zone:15947 | manual-location:eastern-kingdoms:zul-aman;Azeroth > Royaumes de l'Est > Quel'Thalas > Zul’Aman | Azeroth > Royaumes de l'Est > Zul'Aman
2779;Matriarche ourse de guerre fanécorce;à définir;à définir;à définir;;no_candidate;;0;;;;
2785;Destrier écarlate délaissé;Quête;midnight;12.0;;no_candidate;;0;;;;
2786;Aigle pluminfâme maléficié;Butin;midnight;12.0;;manually_assigned;;2;wowhead-zone:16395;Azeroth > Royaumes de l'Est > Quel'Thalas > Zul’Aman > Cavernes de Maisara;wowhead-zone:15947 | manual-location:eastern-kingdoms:zul-aman;Azeroth > Royaumes de l'Est > Quel'Thalas > Zul’Aman | Azeroth > Royaumes de l'Est > Zul'Aman
2789;Griffentaille vorace;Réputation;midnight;12.0;;no_candidate;;0;;;;
2790;Griffentaille insatiable;Butin;midnight;12.0;;auto_assigned_unique_candidate;;1;wowhead-zone:16648;Azeroth > Royaumes de l'Est > Quel'Thalas > Tempête du Vide;wowhead-zone:16648;Azeroth > Royaumes de l'Est > Quel'Thalas > Tempête du Vide
2791;Griffentaille rôdeur;Réputation;midnight;12.0;;auto_assigned_unique_candidate;;1;wowhead-zone:15958;Azeroth > Royaumes de l'Est > Quel'Thalas > Tempête du Vide > Perchoir des Maîtres;wowhead-zone:15958;Azeroth > Royaumes de l'Est > Quel'Thalas > Tempête du Vide > Perchoir des Maîtres
2792;Griffentaille frénétique;Réputation;midnight;12.0;;auto_assigned_unique_candidate;;1;wowhead-zone:15958;Azeroth > Royaumes de l'Est > Quel'Thalas > Tempête du Vide > Perchoir des Maîtres;wowhead-zone:15958;Azeroth > Royaumes de l'Est > Quel'Thalas > Tempête du Vide > Perchoir des Maîtres
2793;Lézard mordeur vicieux;à définir;à définir;à définir;;no_candidate;;0;;;;
2794;Lézard mordeur vicieux;à définir;à définir;à définir;;no_candidate;;0;;;;
2795;Lycodrac de bronze;Vendeur;warWithin;11.2.7;;no_candidate;;0;;;;
2796;Aquilon de bronze;à définir;à définir;à définir;;no_candidate;;0;;;;
2797;Mouche nécrophage de bronze;Vendeur;warWithin;11.2.7;;no_candidate;;0;;;;
2798;Tombaile de bronze;Vendeur;warWithin;11.2.7;;no_candidate;;0;;;;
2801;Drake-sang du gladiateur galactique;PvP coté;midnight;12.0;;no_candidate;;0;;;;
2802;Écrouabouille Mod. 11;Haut-fait;midnight;12.0;;no_candidate;;0;;;;
2803;Mantelume patteciel;à définir;à définir;à définir;;no_candidate;;0;;;;
2804;Lupin cramoisi;Vendeur;warWithin;11.2.7;;no_candidate;;0;;;;
2805;Faucon-pérégrin spectral;à définir;à définir;à définir;;no_candidate;;0;;;;
2807;Bruno le bastonneur;Vendeur;warWithin;11.2.7;;no_candidate;;0;;;;
2808;Bronco balistique;Vendeur;warWithin;11.2.7;;no_candidate;;0;;;;
2815;Rôdeur mantelume neigepatte;à définir;à définir;à définir;;no_candidate;;0;;;;
2817;Faucon-pérégrin lumineux;Butin;midnight;12.0;;no_candidate;;0;;;;
2818;Faucon-pérégrin émeraude;Quête;midnight;12.0;;no_candidate;;0;;;;
2823;Tortue cramoisie de bataille sauvage;Comptoir;warWithin;11.2.7;;no_candidate;;0;;;;
2825;Rasaile des nuées;Comptoir;midnight;12.0;;no_candidate;;0;;;;
2827;Persécuteur sanguin;Butin;midnight;12.0;;auto_assigned_unique_candidate;;1;wowhead-zone:16648;Azeroth > Royaumes de l'Est > Quel'Thalas > Tempête du Vide;wowhead-zone:16648;Azeroth > Royaumes de l'Est > Quel'Thalas > Tempête du Vide
2828;Raie-tempête liée par le Vide;Réputation;midnight;12.0;;no_candidate;;0;;;;
2829;Raie-tempête élevée en laboratoire;à définir;à définir;à définir;;no_candidate;;0;;;;
2831;Persécuteur ténébreux;Haut-fait;midnight;12.0;;no_candidate;;0;;;;
2833;Pseudocoquille arboricole;Comptoir;midnight;12.0;;no_candidate;;0;;;;
2834;Pseudocoquille chou;à définir;à définir;à définir;;no_candidate;;0;;;;
2835;Pseudocoquille lavande;à définir;à définir;à définir;;no_candidate;;0;;;;
2836;Pseudocoquille ornée;Comptoir;midnight;12.0;;no_candidate;;0;;;;
2838;Déchiqueteur de vagues gobelin fantastique;à définir;à définir;à définir;;no_candidate;;0;;;;
2840;Défenseur arcanique de Lune-d’Argent;à définir;à définir;à définir;;no_candidate;;0;;;;
2841;Gardien arcanique elfique;à définir;à définir;à définir;;no_candidate;;0;;;;
2842;Assemblage arcanovide;Haut-fait;midnight;12.0;;no_candidate;;0;;;;
2843;Spectéropode;à définir;à définir;à définir;;no_candidate;;0;;;;
2845;Claquevigne vicieuse;Comptoir;midnight;12.0;;no_candidate;;0;;;;
2846;Claquevigne féroce;à définir;à définir;à définir;;no_candidate;;0;;;;
2847;Claquevigne sanguine;Comptoir;midnight;12.0;;no_candidate;;0;;;;
2848;Claquevigne sauvage;à définir;à définir;à définir;;no_candidate;;0;;;;
2849;Hypo-vitesse X6000;à définir;à définir;à définir;;no_candidate;;0;;;;
2850;Couette volante confortable duveteuse;à définir;à définir;à définir;;no_candidate;;0;;;;
2851;Couette volante confortable rugueuse;à définir;à définir;à définir;;no_candidate;;0;;;;
2852;Couette volante confortable de Bel’ameth;Comptoir;midnight;12.0;;no_candidate;;0;;;;
2853;Couette volante confortable de Lune-d’Argent;Comptoir;midnight;12.0;;no_candidate;;0;;;;
2912;Chlorocéros exubérant;Haut-fait;midnight;12.0;;no_candidate;;0;;;;
2913;Chlorocéros vif;Vendeur;midnight;12.0;;auto_assigned_unique_candidate;;1;wowhead-zone:15355;Azeroth > Royaumes de l'Est > Quel'Thalas > Harandar;wowhead-zone:15355;Azeroth > Royaumes de l'Est > Quel'Thalas > Harandar
2914;Faucon des flèches gangrené;à définir;à définir;à définir;;no_candidate;;0;;;;
2915;Wyrm de mana délié;Vendeur;midnight;12.0.5;;no_candidate;;0;;;;
2917;Anu’shalla, Guide de l’Ombre;Haut-fait;midnight;12.0;;no_candidate;;0;;;;
2926;Destrier de fer gilnéen;à définir;à définir;à définir;;no_candidate;;0;;;;
2927;Destrier de cuivre gilnéen;à définir;à définir;à définir;;no_candidate;;0;;;;
2928;Roncin de rebelle de Bois-du-Bûcher;Comptoir;midnight;12.0.5;;no_candidate;;0;;;;
2929;Roncin de loyaliste de Gilnéas;Comptoir;midnight;12.0.5;;no_candidate;;0;;;;
2930;Arbouin fleuréchine;Boutique;midnight;12.0.5;;no_candidate;;0;;;;
2931;Arbouin ambréchine;Boutique;midnight;12.0.5;;no_candidate;;0;;;;
2933;Abeille ensorcelée de magistère;à définir;à définir;à définir;;no_candidate;;0;;;;
2935;Faucon-pérégrin touché par le Vide;Vendeur;midnight;12.0.5;;no_candidate;;0;;;;
2939;;à définir;à définir;à définir;;no_candidate;;0;;;;
2940;Roc solaire peint par le crépuscule;Comptoir;midnight;12.0.5;;no_candidate;;0;;;;
2941;Roc solaire peint par la flamme;Comptoir;midnight;12.0.5;;no_candidate;;0;;;;
2942;;à définir;à définir;à définir;;no_candidate;;0;;;;
2948;Cataclysme cendré doré;à définir;à définir;à définir;;no_candidate;;0;;;;
2961;Aigle ensorcelé corrompu par le Vide;à définir;à définir;à définir;;no_candidate;;0;;;;
2964;Mordragon touché par le Vide;Butin;midnight;12.0.5;;no_candidate;;0;;;;
2965;Lynx corrompu par le Vide;à définir;à définir;à définir;;no_candidate;;0;;;;
2969;Faucon-dragon spectral rapide;à définir;à définir;à définir;;no_candidate;;0;;;;
3005;Marche-mort céruléen;à définir;à définir;à définir;;no_candidate;;0;;;;
3006;Mécarmure d’améthyste;à définir;à définir;à définir;;no_candidate;;0;;;;
3007;Déchiquetank au capital stable;à définir;à définir;à définir;;no_candidate;;0;;;;
3008;Déchiquetank à liquidités;à définir;à définir;à définir;;no_candidate;;0;;;;
3009;Déchiquetank spéculatif;à définir;à définir;à définir;;no_candidate;;0;;;;
3010;Déchiquetank à haut rendement;à définir;à définir;à définir;;no_candidate;;0;;;;
